Repository Page,Component,Hook,API,Server Action,Database Table,Storage,Edge Function,AI,Build,Production URL,Status
,,,,,,,,,Marketing,,⚠️ PARTIAL_DB
/find-workone,,,,,,,,,Marketing,,⚠️ PARTIAL_DB
/find-workone/find-workone,,,,,,,,,Marketing,,⚠️ PARTIAL_DB
/find-workone/find-workone/[region],,,,,,,,,Marketing,,⚠️ PARTIAL_DB
/attendance-policy,,,,,,,,,Marketing,,⚠️ PARTIAL_DB
/videos,videos,,,,videos,,,,Marketing,,✅ DB_ONLY
/videos/[videoId],videos,,,,videos,,,,Marketing,,✅ DB_ONLY
/syllabi,,,,,,,,,Marketing,,⚠️ PARTIAL_DB
/downloads,documents,,,,documents,,,,Marketing,,✅ DB_ONLY
/access-paused,,,,,,,,,Marketing,,⚠️ PARTIAL_DB
/proctor,,proctor/sessions?${params}`);
      if (!res.ok) throw new Error(,,,,,,,Marketing,,⚠️ API_ONLY
/proctor/session/[id],,proctor/sessions/${id}`);
      if (!res.ok) throw new Error(,proctor/sessions/${id}`, {
        method: ,,,,,,,Marketing,,⚠️ API_ONLY
/proctor/new,,,,,,,,,Marketing,,⚠️ PARTIAL_DB
/hire-graduates,,,,,,,,,Marketing,,⚠️ PARTIAL_DB
/hire-graduates/hire-graduates,students,,,,students,,,,Marketing,,✅ DB_ONLY
/implementation,,,,,,,,,Marketing,,⚠️ PARTIAL_DB
/instructor/[...path],,,,,,,,,Marketing,,⚠️ PARTIAL_DB
/instructor/instructors/performance,instructor_assignments,instructor_profiles,,,,instructor_assignments,instructor_profiles,,,,Marketing,,✅ DB_ONLY
/career-training-indiana,,,,,,,,,Marketing,,⚠️ PARTIAL_DB
/dashboards,,,,,,,,,Marketing,,⚠️ PARTIAL_DB
/pay,,,,,,,,,Marketing,,⚠️ PARTIAL_DB
/pay/pay,,,,,,,,,Marketing,,⚠️ PARTIAL_DB
/status,,,,,,,,,Marketing,,⚠️ PARTIAL_DB
/status/application,,intake/status?token=${encodeURIComponent(token)}`);
        const json = (await res.json()) as StatusResponse;
        setData(json);
      } catch {
        setData({ success: false, error: ,,,,,,,Marketing,,⚠️ API_ONLY
/payment-error,,,,,,,,,Marketing,,⚠️ PARTIAL_DB
/for-employers,,,,,,,,,Marketing,,⚠️ PARTIAL_DB
/credentials,,,,,,,,,Marketing,,⚠️ PARTIAL_DB
/government,,,,,,,,,Marketing,,⚠️ PARTIAL_DB
/schools/mesmerized-by-beauty,,,,,,,,,Marketing,,⚠️ PARTIAL_DB
/admin,,,,,,,,,Admin,,⚠️ PARTIAL_DB
/admin/learning-paths,learning_paths,,,,learning_paths,,,,Admin,,✅ DB_ONLY
/admin/videos,videos,,,,videos,,,,Admin,,✅ DB_ONLY
/admin/videos/upload,,,,,,,,,Admin,,⚠️ PARTIAL_DB
/admin/exam-authorizations,exam_authorization_queue,profiles,,,,exam_authorization_queue,profiles,,,,Admin,,✅ DB_ONLY
/admin/content,,,,,,,,,Admin,,⚠️ PARTIAL_DB
/admin/content/editor,,,,,,,,,Admin,,⚠️ PARTIAL_DB
/admin/instructor/dashboard,,,,,,,,,Admin,,⚠️ PARTIAL_DB
/admin/modules,modules,programs,training_modules,,,,modules,programs,training_modules,,,,Admin,,✅ DB_ONLY
/admin/sops,sop_templates,,,,sop_templates,,,,Admin,,✅ DB_ONLY
/admin/sops/[id],,,,,,,,,Admin,,⚠️ PARTIAL_DB
/admin/timeclock,admin_alerts,apprentice_sites,apprentices,profiles,progress_entries,,,,admin_alerts,apprentice_sites,apprentices,profiles,progress_entries,,,,Admin,,✅ DB_ONLY
/admin/credentials,credential_registry,,,,credential_registry,,,,Admin,,✅ DB_ONLY
/admin/system-health,,,,,,,,,Admin,,⚠️ PARTIAL_DB
/admin/enrollment-jobs,enrollment_jobs,,,,enrollment_jobs,,,,Admin,,✅ DB_ONLY
/admin/data-import,,,,,,,,,Admin,,⚠️ PARTIAL_DB
/admin/shops,shop_applications,shop_required_docs_status,shops,,,,shop_applications,shop_required_docs_status,shops,,,,Admin,,✅ DB_ONLY
/admin/shops/geocoding,profiles,shops,,,,profiles,shops,,,,Admin,,✅ DB_ONLY
/admin/promo-codes,,,,,,,,,Admin,,⚠️ PARTIAL_DB
/admin/organization,,,,,,,,,Admin,,⚠️ PARTIAL_DB
/admin/organization/profile,,,,,,,,,Admin,,⚠️ PARTIAL_DB
/admin/instructor-credentials,,,,,,,,,Admin,,⚠️ PARTIAL_DB
/admin/security,,,,,,,,,Admin,,⚠️ PARTIAL_DB
/admin/jobs,employers,job_applications,job_placements,job_postings,,,,employers,job_applications,job_placements,job_postings,,,,Admin,,✅ DB_ONLY
/admin/jobs/new,,,,,,,,,Admin,,⚠️ PARTIAL_DB
/admin/courses,,,,,,,,,Admin,,⚠️ PARTIAL_DB
/admin/courses/create,,,,,,,,,Admin,,⚠️ PARTIAL_DB
/admin/jri,program_enrollments,,,,program_enrollments,,,,Admin,,✅ DB_ONLY
/admin/jri/reports,jri_participants,,,,jri_participants,,,,Admin,,✅ DB_ONLY
/admin/jri/participants,jri_participants,,,,jri_participants,,,,Admin,,✅ DB_ONLY
/admin/verifications,id_verifications,profiles,,,,id_verifications,profiles,,,,Admin,,✅ DB_ONLY
/admin/verifications/review,id_verifications,profiles,,,,id_verifications,profiles,,,,Admin,,✅ DB_ONLY
/admin/rapids,rapids_progress_updates,rapids_registrations,rapids_submissions,,,,rapids_progress_updates,rapids_registrations,rapids_submissions,,,,Admin,,✅ DB_ONLY
/admin/grants,grants,,,,grants,,,,Admin,,✅ DB_ONLY
/admin/grants/workflow,grant_applications,grant_entities,grants,profiles,,,,grant_applications,grant_entities,grants,profiles,,,,Admin,,✅ DB_ONLY
/admin/grants/intake,grant_opportunities,,,,grant_opportunities,,,,Admin,,✅ DB_ONLY
/admin/grants/snap-et,,,,,,,,,Admin,,⚠️ PARTIAL_DB
/admin/grants/revenue,grant_applications,,,,grant_applications,,,,Admin,,✅ DB_ONLY
/admin/grants/applications,grant_applications,,,,grant_applications,,,,Admin,,✅ DB_ONLY
/admin/grants/applications/new,,,,,,,,,Admin,,⚠️ PARTIAL_DB
/admin/grants/submissions,grant_submissions,profiles,,,,grant_submissions,profiles,,,,Admin,,✅ DB_ONLY
/admin/grants/opportunities,grant_opportunities,,,,grant_opportunities,,,,Admin,,✅ DB_ONLY
/admin/student-access,,admin/student-access,,,,,,,Admin,,⚠️ API_ONLY
/admin/employers,employers,,,,employers,,,,Admin,,✅ DB_ONLY
/admin/employers/onboarding,employer_onboarding,employer_onboarding_progress,,,,employer_onboarding,employer_onboarding_progress,,,,Admin,,✅ DB_ONLY
/admin/employees,employees,,,,employees,,,,Admin,,✅ DB_ONLY
/admin/cohorts,cohorts,programs,,,,cohorts,programs,,,,Admin,,✅ DB_ONLY
/admin/licenses,licenses,,,,licenses,,,,Admin,,✅ DB_ONLY
/admin/licenses/create,tenants,,,,tenants,,,,Admin,,✅ DB_ONLY
/admin/referrals,referral_pipeline_summary,workforce_referrals,,,,referral_pipeline_summary,workforce_referrals,,,,Admin,,✅ DB_ONLY
/admin/apprenticeships,apprenticeship_enrollments,progress_entries,,,,apprenticeship_enrollments,progress_entries,,,,Admin,,✅ DB_ONLY
/admin/video-generator,,,,,,,,,Admin,,⚠️ PARTIAL_DB
/admin/billing,addon_subscriptions,licenses,organization_subscriptions,subscription_plans,,,,addon_subscriptions,licenses,organization_subscriptions,subscription_plans,,,,Admin,,✅ DB_ONLY
/admin/billing/feature-flags,features,,,,features,,,,Admin,,✅ DB_ONLY
/admin/billing/licenses,,,,,,,,,Admin,,⚠️ PARTIAL_DB
/admin/billing/usage,,,,,,,,,Admin,,⚠️ PARTIAL_DB
/admin/billing/subscriptions,organization_subscriptions,,,,organization_subscriptions,,,,Admin,,✅ DB_ONLY
/admin/billing/addons,saas_addon_catalog,,,,saas_addon_catalog,,,,Admin,,✅ DB_ONLY
/admin/billing/plans,subscription_plans,,,,subscription_plans,,,,Admin,,✅ DB_ONLY
/admin/billing/invoices,,,,,,,,,Admin,,⚠️ PARTIAL_DB
/admin/affiliates,affiliate_applications,affiliate_payouts,affiliates,,,,affiliate_applications,affiliate_payouts,affiliates,,,,Admin,,✅ DB_ONLY
/admin/communications,communications,email_templates,scheduled_messages,,,,communications,email_templates,scheduled_messages,,,,Admin,,✅ DB_ONLY
/admin/communications/templates,email_templates,,,,email_templates,,,,Admin,,✅ DB_ONLY
/admin/communications/templates/new,,,,,,,,,Admin,,⚠️ PARTIAL_DB
/admin/communications/new,email_templates,,,,email_templates,,,,Admin,,✅ DB_ONLY
/admin/reports,profiles,program_completion_certificates,program_enrollments,,,,profiles,program_completion_certificates,program_enrollments,,,,Admin,,✅ DB_ONLY
/admin/reports/charts,applications,enrollments,partner_completions,programs,,,,applications,enrollments,partner_completions,programs,,,,Admin,,✅ DB_ONLY
/admin/reports/leads,leads,profiles,,,,leads,profiles,,,,Admin,,✅ DB_ONLY
/admin/reports/users,profiles,,,,profiles,,,,Admin,,✅ DB_ONLY
/admin/reports/reports,reports,,,,reports,,,,Admin,,✅ DB_ONLY
/admin/reports/caseload,profiles,program_enrollments,,,,profiles,program_enrollments,,,,Admin,,✅ DB_ONLY
/admin/reports/enrollment,courses,profiles,training_enrollments,,,,courses,profiles,training_enrollments,,,,Admin,,✅ DB_ONLY
/admin/reports/financial,grant_applications,grant_opportunities,profiles,wotc_applications,,,,grant_applications,grant_opportunities,profiles,wotc_applications,,,,Admin,,✅ DB_ONLY
/admin/reports/partners,partner_enrollments,partner_inquiries,partners,profiles,,,,partner_enrollments,partner_inquiries,partners,profiles,,,,Admin,,✅ DB_ONLY
/admin/reports/wioa,participant_report,program_enrollments,,,,participant_report,program_enrollments,,,,Admin,,✅ DB_ONLY
/admin/reports/samples,certificates,completions,courses,profiles,program_enrollments,programs,,,,certificates,completions,courses,profiles,program_enrollments,programs,,,,Admin,,✅ DB_ONLY
/admin/operations,admin_alerts,cron_job_runs,workflow_dead_letters,workflow_runs,workflow_step_logs,workflows,,,,admin_alerts,cron_job_runs,workflow_dead_letters,workflow_runs,workflow_step_logs,workflows,,,,Admin,,✅ DB_ONLY
/admin/external-course-completions,external_course_completions,profiles,,,,external_course_completions,profiles,,,,Admin,,✅ DB_ONLY
/admin/mou,mou_signatures,mou_templates,partner_mous,,,,mou_signatures,mou_templates,partner_mous,,,,Admin,,✅ DB_ONLY
/admin/student-hours,apprenticeship_hours,profiles,programs,,,,apprenticeship_hours,profiles,programs,,,,Admin,,✅ DB_ONLY
/admin/hours-export,,,,,,,,,Admin,,⚠️ PARTIAL_DB
/admin/files,,,,,,,,,Admin,,⚠️ PARTIAL_DB
/admin/governance,,,,,,,,,Admin,,⚠️ PARTIAL_DB
/admin/governance/security,,,,,,,,,Admin,,⚠️ PARTIAL_DB
/admin/governance/data,,,,,,,,,Admin,,⚠️ PARTIAL_DB
/admin/governance/seo-indexing,,,,,,,,,Admin,,⚠️ PARTIAL_DB
/admin/governance/governance/security,,,,,,,,,Admin,,⚠️ PARTIAL_DB
/admin/governance/governance/operational-controls,,,,,,,,,Admin,,⚠️ PARTIAL_DB
/admin/governance/compliance,,,,,,,,,Admin,,⚠️ PARTIAL_DB
/admin/governance/legal,,,,,,,,,Admin,,⚠️ PARTIAL_DB
/admin/governance/contact,,,,,,,,,Admin,,⚠️ PARTIAL_DB
/admin/governance/authoritative-docs,compliance_documents,,,,compliance_documents,,,,Admin,,✅ DB_ONLY
/admin/governance/operational-controls,,,,,,,,,Admin,,⚠️ PARTIAL_DB
/admin/programs,courses,programs,,,,courses,programs,,,,Admin,,✅ DB_ONLY
/admin/programs/catalog,programs,,,,programs,,,,Admin,,✅ DB_ONLY
/admin/notifications,notification_logs,notifications,profiles,,,,notification_logs,notifications,profiles,,,,Admin,,✅ DB_ONLY
/admin/tenants,tenants,,,,tenants,,,,Admin,,✅ DB_ONLY
/admin/intelligence,student_risk_status,,,,student_risk_status,,,,Admin,,✅ DB_ONLY
/admin/intelligence/forecast,program_enrollments,programs,,,,program_enrollments,programs,,,,Admin,,✅ DB_ONLY
/admin/site-audit,,admin/site-audit,,,,,,,Admin,,⚠️ API_ONLY
/admin/system,,,,,,,,,Admin,,⚠️ PARTIAL_DB
/admin/system/jobs,job_queue,profiles,,,,job_queue,profiles,,,,Admin,,✅ DB_ONLY
/admin/system/webhooks,profiles,,,,profiles,,,,Admin,,✅ DB_ONLY
/admin/docs,profiles,,,,profiles,,,,Admin,,✅ DB_ONLY
/admin/docs/mou,mou_documents,,,,mou_documents,,,,Admin,,✅ DB_ONLY
/admin/barber-shop-applications,barbershop_partner_applications,profiles,,,,barbershop_partner_applications,profiles,,,,Admin,,✅ DB_ONLY
/admin/api-keys,api_keys,,,,api_keys,,,,Admin,,✅ DB_ONLY
/admin/signatures,signature_documents,signatures,,,,signature_documents,signatures,,,,Admin,,✅ DB_ONLY
/admin/funding,ita_vouchers,profiles,program_enrollments,,,,ita_vouchers,profiles,program_enrollments,,,,Admin,,✅ DB_ONLY
/admin/store,license_purchases,purchases,store_products,,,,license_purchases,purchases,store_products,,,,Admin,,✅ DB_ONLY
/admin/store/catalog,,,,,,,,,Admin,,⚠️ PARTIAL_DB
/admin/review-queue,applications,profiles,review_queue,,,,applications,profiles,review_queue,,,,Admin,,✅ DB_ONLY
/admin/dev-studio,,,,,,,,,Admin,,⚠️ PARTIAL_DB
/admin/dev-studio/api,,,,,,,,,Admin,,⚠️ PARTIAL_DB
/admin/dev-studio/performance,,,,,,,,,Admin,,⚠️ PARTIAL_DB
/admin/dev-studio/services,,,,,,,,,Admin,,⚠️ PARTIAL_DB
/admin/dev-studio/deployments,,,,,,,,,Admin,,⚠️ PARTIAL_DB
/admin/dev-studio/containers,,,,,,,,,Admin,,⚠️ PARTIAL_DB
/admin/dev-studio/database,,,,,,,,,Admin,,⚠️ PARTIAL_DB
/admin/dev-studio/subscriptions,,admin/subscriptions/features,admin/subscriptions/plans,admin/subscriptions/plans/features,,,,,,,Admin,,⚠️ API_ONLY
/admin/dev-studio/image-seo,,,,,,,,,Admin,,⚠️ PARTIAL_DB
/admin/autopilot,delivery_logs,notifications,profiles,program_enrollments,,,,delivery_logs,notifications,profiles,program_enrollments,,,,Admin,,✅ DB_ONLY
/admin/activity,applications,audit_logs,enrollments,profiles,,,,applications,audit_logs,enrollments,profiles,,,,Admin,,✅ DB_ONLY
/admin/provider-applications,profiles,provider_applications,,,,profiles,provider_applications,,,,Admin,,✅ DB_ONLY
/admin/partner-enrollments,partner_course_enrollments,profiles,,,,partner_course_enrollments,profiles,,,,Admin,,✅ DB_ONLY
/admin/contracts,,,,,,,,,Admin,,⚠️ PARTIAL_DB
/admin/studio,,,,,,,,,Admin,,⚠️ PARTIAL_DB
/admin/studio/pages,,,,,,,,,Admin,,⚠️ PARTIAL_DB
/admin/studio/memory,,,,,,,,,Admin,,⚠️ PARTIAL_DB
/admin/studio/deployments,,,,,,,,,Admin,,⚠️ PARTIAL_DB
/admin/studio/media,,,,,,,,,Admin,,⚠️ PARTIAL_DB
/admin/studio/tasks,,,,,,,,,Admin,,⚠️ PARTIAL_DB
/admin/studio/builds,,,,,,,,,Admin,,⚠️ PARTIAL_DB
/admin/studio/settings,,,,,,,,,Admin,,⚠️ PARTIAL_DB
/admin/studio/agents,,,,,,,,,Admin,,⚠️ PARTIAL_DB
/admin/studio/course,,,,,,,,,Admin,,⚠️ PARTIAL_DB
/admin/studio/workflows,,,,,,,,,Admin,,⚠️ PARTIAL_DB
/admin/dashboard,,,,,,,,,Admin,,⚠️ PARTIAL_DB
/admin/dashboard/program-integrity,,admin/program-integrity?limit=100&min=0,,,,,,,Admin,,⚠️ API_ONLY
/admin/dashboard/etpl,,,,,,,,,Admin,,⚠️ PARTIAL_DB
/admin/integrations,,,,,,,,,Admin,,⚠️ PARTIAL_DB
/admin/integrations/google-classroom,profiles,,,,profiles,,,,Admin,,✅ DB_ONLY
/admin/integrations/quickbooks,,,,,,,,,Admin,,⚠️ PARTIAL_DB
/admin/integrations/stripe,barber_payments,barber_subscriptions,cosmetology_subscriptions,payment_integrity_flags,program_enrollments,stripe_sessions_staging,,,,barber_payments,barber_subscriptions,cosmetology_subscriptions,payment_integrity_flags,program_enrollments,stripe_sessions_staging,,,,Admin,,✅ DB_ONLY
/admin/integrations/calendly,,,,,,,,,Admin,,⚠️ PARTIAL_DB
/admin/integrations/gemini,,,,,,,,,Admin,,⚠️ PARTIAL_DB
/admin/integrations/teams,,,,,,,,,Admin,,⚠️ PARTIAL_DB
/admin/integrations/env-manager,,,,,,,,,Admin,,⚠️ PARTIAL_DB
/admin/integrations/salesforce,,,,,,,,,Admin,,⚠️ PARTIAL_DB
/admin/platform,customer_workspaces,managed_licenses,operator_tasks,provisioning_jobs,,,,customer_workspaces,managed_licenses,operator_tasks,provisioning_jobs,,,,Admin,,✅ DB_ONLY
/admin/blog,blog_posts,profiles,,,,blog_posts,profiles,,,,Admin,,✅ DB_ONLY
/admin/compliance,compliance_alerts,compliance_items,wioa_compliance_reports,wioa_participants,,,,compliance_alerts,compliance_items,wioa_compliance_reports,wioa_participants,,,,Admin,,✅ DB_ONLY
/admin/compliance/automation,contract_templates,documents,grant_applications,,,,contract_templates,documents,grant_applications,,,,Admin,,✅ DB_ONLY
/admin/compliance/financial-assurance,financial_assurance_records,v_admin_financial_assurance_summary,,,,financial_assurance_records,v_admin_financial_assurance_summary,,,,Admin,,✅ DB_ONLY
/admin/compliance/exports,profiles,,,,profiles,,,,Admin,,✅ DB_ONLY
/admin/compliance/wioa-etpl,,,,,,,,,Admin,,⚠️ PARTIAL_DB
/admin/compliance/deletions,profiles,,,,profiles,,,,Admin,,✅ DB_ONLY
/admin/hr,employees,leave_requests,payroll_runs,performance_reviews,time_off_requests,,,,employees,leave_requests,payroll_runs,performance_reviews,time_off_requests,,,,Admin,,✅ DB_ONLY
/admin/hr/employees,employees,,,,employees,,,,Admin,,✅ DB_ONLY
/admin/hr/time,,,,,,,,,Admin,,⚠️ PARTIAL_DB
/admin/hr/leave,leave_requests,profiles,,,,leave_requests,profiles,,,,Admin,,✅ DB_ONLY
/admin/hr/payroll,payroll_runs,profiles,w9_submissions,,,,payroll_runs,profiles,w9_submissions,,,,Admin,,✅ DB_ONLY
/admin/incentives,incentives,,,,incentives,,,,Admin,,✅ DB_ONLY
/admin/incentives/create,,,,,,,,,Admin,,⚠️ PARTIAL_DB
/admin/waitlist,waitlist,,,,waitlist,,,,Admin,,✅ DB_ONLY
/admin/enrollments,cohorts,courses,profiles,program_enrollments,,,,cohorts,courses,profiles,program_enrollments,,,,Admin,,✅ DB_ONLY
/admin/program-holder-documents,profiles,program_holder_documents,,,,profiles,program_holder_documents,,,,Admin,,✅ DB_ONLY
/admin/students,profiles,program_enrollments,,,,profiles,program_enrollments,,,,Admin,,✅ DB_ONLY
/admin/students/export,programs,,,,programs,,,,Admin,,✅ DB_ONLY
/admin/students/[id]/binder,attendance,certificates,enrollments,student_documents,students,,,,attendance,certificates,enrollments,student_documents,students,,,,Admin,,✅ DB_ONLY
/admin/home,,,,,,,,,Admin,,⚠️ PARTIAL_DB
/admin/partners,partner_applications,partners,,,,partner_applications,partners,,,,Admin,,✅ DB_ONLY
/admin/partners/lms-integrations,profiles,,,,profiles,,,,Admin,,✅ DB_ONLY
/admin/partners/lms-integrations/[id],partner_lms_courses,partner_lms_enrollments,partner_lms_providers,partner_lms_sync_logs,,,,partner_lms_courses,partner_lms_enrollments,partner_lms_providers,partner_lms_sync_logs,,,,Admin,,✅ DB_ONLY
/admin/partners/applications,partner_applications,,,,partner_applications,,,,Admin,,✅ DB_ONLY
/admin/partners/applications/[id],partner_applications,,,,partner_applications,,,,Admin,,✅ DB_ONLY
/admin/curriculum,courses,curriculum_lessons,programs,training_courses,training_lessons,,,,courses,curriculum_lessons,programs,training_courses,training_lessons,,,,Admin,,✅ DB_ONLY
/admin/curriculum/upload,,,,,,,,,Admin,,⚠️ PARTIAL_DB
/admin/settings,platform_settings,,,,platform_settings,,,,Admin,,✅ DB_ONLY
/admin/settings/general,platform_settings,,,,platform_settings,,,,Admin,,✅ DB_ONLY
/admin/settings/security,platform_settings,,,,platform_settings,,,,Admin,,✅ DB_ONLY
/admin/settings/social-media,,,,,,,,,Admin,,⚠️ PARTIAL_DB
/admin/settings/nav,,,,,,,,,Admin,,⚠️ PARTIAL_DB
/admin/settings/notifications,platform_settings,,,,platform_settings,,,,Admin,,✅ DB_ONLY
/admin/settings/email,platform_settings,,,,platform_settings,,,,Admin,,✅ DB_ONLY
/admin/settings/integrations,,,,,,,,,Admin,,⚠️ PARTIAL_DB
/admin/settings/site-stats,platform_settings,,,,platform_settings,,,,Admin,,✅ DB_ONLY
/admin/settings/payments,platform_settings,,,,platform_settings,,,,Admin,,✅ DB_ONLY
/admin/settings/organization-profile,sos_organization_facts,sos_organizations,,,,sos_organization_facts,sos_organizations,,,,Admin,,✅ DB_ONLY
/admin/audit-logs,,,,,,,,,Admin,,⚠️ PARTIAL_DB
/admin/audit-logs/audit-logs,,,,,,,,,Admin,,⚠️ PARTIAL_DB
/admin/marketplace,marketplace_creators,marketplace_products,,,,marketplace_creators,marketplace_products,,,,Admin,,✅ DB_ONLY
/admin/marketplace/creators,marketplace_creators,,,,marketplace_creators,,,,Admin,,✅ DB_ONLY
/admin/marketplace/products,marketplace_products,,,,marketplace_products,,,,Admin,,✅ DB_ONLY
/admin/marketplace/payouts,marketplace_creators,,,,marketplace_creators,,,,Admin,,✅ DB_ONLY
/admin/documents,documents,,,,documents,,,,Admin,,✅ DB_ONLY
/admin/documents/upload,,,,,,,,,Admin,,⚠️ PARTIAL_DB
/admin/documents/templates,,,,,,,,,Admin,,⚠️ PARTIAL_DB
/admin/documents/review,documents,profiles,,,,documents,profiles,,,,Admin,,✅ DB_ONLY
/admin/documents/print,,,,,,,,,Admin,,⚠️ PARTIAL_DB
/admin/payout-queue,profiles,program_enrollments,program_holders,,,,profiles,program_enrollments,program_holders,,,,Admin,,✅ DB_ONLY
/admin/gradebook,courses,,,,courses,,,,Admin,,✅ DB_ONLY
/admin/snapshots,,,,,,,,,Admin,,⚠️ PARTIAL_DB
/admin/program-holder-acknowledgements,handbook_acknowledgments,program_holder_acknowledgements,program_holders,,,,handbook_acknowledgments,program_holder_acknowledgements,program_holders,,,,Admin,,✅ DB_ONLY
/admin/ferpa,audit_logs,compliance_alerts,documents,profiles,,,,audit_logs,compliance_alerts,documents,profiles,,,,Admin,,✅ DB_ONLY
/admin/ferpa/directory-info,platform_settings,,,,platform_settings,,,,Admin,,✅ DB_ONLY
/admin/ferpa/training,ferpa_training_records,profiles,,,,ferpa_training_records,profiles,,,,Admin,,✅ DB_ONLY
/admin/ferpa/consent-forms,documents,,,,documents,,,,Admin,,✅ DB_ONLY
/admin/ferpa/audit-log,audit_logs,,,,audit_logs,,,,Admin,,✅ DB_ONLY
/admin/ferpa/access-requests,documents,,,,documents,,,,Admin,,✅ DB_ONLY
/admin/internal-docs,documents,,,,documents,,,,Admin,,✅ DB_ONLY
/admin/monitoring,monitoring_alerts,,,,monitoring_alerts,,,,Admin,,✅ DB_ONLY
/admin/monitoring/setup,,,,,,,,,Admin,,⚠️ PARTIAL_DB
/admin/certificates,profiles,program_completion_certificates,programs,,,,profiles,program_completion_certificates,programs,,,,Admin,,✅ DB_ONLY
/admin/certificates/issue,certificate_templates,courses,,,,certificate_templates,courses,,,,Admin,,✅ DB_ONLY
/admin/certificates/bulk,certificate_templates,certification_types,profiles,program_enrollments,user_certifications,,,,certificate_templates,certification_types,profiles,program_enrollments,user_certifications,,,,Admin,,✅ DB_ONLY
/admin/accreditation,accreditation_evidence,accreditation_standards,,,,accreditation_evidence,accreditation_standards,,,,Admin,,✅ DB_ONLY
/admin/accreditation/report,certificates,completions,lms_courses,profiles,program_enrollments,programs,,,,certificates,completions,lms_courses,profiles,program_enrollments,programs,,,,Admin,,✅ DB_ONLY
/admin/analytics,profiles,program_completion_certificates,program_enrollments,programs,,,,profiles,program_completion_certificates,program_enrollments,programs,,,,Admin,,✅ DB_ONLY
/admin/analytics/engagement,audit_logs,profiles,,,,audit_logs,profiles,,,,Admin,,✅ DB_ONLY
/admin/analytics/employers,employers,job_placements,job_postings,,,,employers,job_placements,job_postings,,,,Admin,,✅ DB_ONLY
/admin/analytics/programs,program_completion_certificates,program_enrollments,programs,,,,program_completion_certificates,program_enrollments,programs,,,,Admin,,✅ DB_ONLY
/admin/analytics/analytics,profiles,program_completion_certificates,program_enrollments,programs,,,,profiles,program_completion_certificates,program_enrollments,programs,,,,Admin,,✅ DB_ONLY
/admin/analytics/revenue,payment_transactions,,,,payment_transactions,,,,Admin,,✅ DB_ONLY
/admin/analytics/learning,lesson_progress,profiles,program_completion_certificates,program_enrollments,programs,,,,lesson_progress,profiles,program_completion_certificates,program_enrollments,programs,,,,Admin,,✅ DB_ONLY
/admin/payroll-cards,profiles,,,,profiles,,,,Admin,,✅ DB_ONLY
/admin/workone-queue,applications,profiles,workforce_referrals,,,,applications,profiles,workforce_referrals,,,,Admin,,✅ DB_ONLY
/admin/testing-center,exam_bookings,exam_sessions,testing_slots,,,,exam_bookings,exam_sessions,testing_slots,,,,Admin,,✅ DB_ONLY
/admin/delegates,delegates,profiles,,,,delegates,profiles,,,,Admin,,✅ DB_ONLY
/admin/testing,testing_sessions,,,,testing_sessions,,,,Admin,,✅ DB_ONLY
/admin/at-risk,at_risk_students,profiles,program_enrollments,,,,at_risk_students,profiles,program_enrollments,,,,Admin,,✅ DB_ONLY
/admin/workforce,workforce_cases,workforce_funding,workforce_participants,,,,workforce_cases,workforce_funding,workforce_participants,,,,Admin,,✅ DB_ONLY
/admin/workforce/cases,workforce_cases,,,,workforce_cases,,,,Admin,,✅ DB_ONLY
/admin/workforce/outcomes,workforce_participants,,,,workforce_participants,,,,Admin,,✅ DB_ONLY
/admin/workforce/reports,workforce_participants,,,,workforce_participants,,,,Admin,,✅ DB_ONLY
/admin/workforce/compliance,workforce_participants,,,,workforce_participants,,,,Admin,,✅ DB_ONLY
/admin/workforce/participants,workforce_participants,,,,workforce_participants,,,,Admin,,✅ DB_ONLY
/admin/workforce/participants/new,,,,,,,,,Admin,,⚠️ PARTIAL_DB
/admin/funding-verification,payment_integrity_flags,v_funding_verification_queue,,,,payment_integrity_flags,v_funding_verification_queue,,,,Admin,,✅ DB_ONLY
/admin/crm,appointments,campaigns,follow_ups,leads,profiles,,,,appointments,campaigns,follow_ups,leads,profiles,,,,Admin,,✅ DB_ONLY
/admin/crm/leads,leads,,,,leads,,,,Admin,,✅ DB_ONLY
/admin/crm/follow-ups,crm_follow_ups,,,,crm_follow_ups,,,,Admin,,✅ DB_ONLY
/admin/crm/appointments,appointments,,,,appointments,,,,Admin,,✅ DB_ONLY
/admin/crm/crm,appointments,campaigns,follow_ups,leads,profiles,,,,appointments,campaigns,follow_ups,leads,profiles,,,,Admin,,✅ DB_ONLY
/admin/crm/crm/leads,leads,,,,leads,,,,Admin,,✅ DB_ONLY
/admin/crm/crm/leads/[id],leads,,,,leads,,,,Admin,,✅ DB_ONLY
/admin/crm/crm/follow-ups,crm_follow_ups,,,,crm_follow_ups,,,,Admin,,✅ DB_ONLY
/admin/crm/crm/appointments,appointments,,,,appointments,,,,Admin,,✅ DB_ONLY
/admin/crm/crm/contacts,marketing_contacts,,,,marketing_contacts,,,,Admin,,✅ DB_ONLY
/admin/crm/crm/deals,crm_deals,,,,crm_deals,,,,Admin,,✅ DB_ONLY
/admin/crm/crm/campaigns,campaigns,profiles,,,,campaigns,profiles,,,,Admin,,✅ DB_ONLY
/admin/crm/contacts,marketing_contacts,,,,marketing_contacts,,,,Admin,,✅ DB_ONLY
/admin/crm/deals,crm_deals,,,,crm_deals,,,,Admin,,✅ DB_ONLY
/admin/crm/campaigns,campaigns,profiles,,,,campaigns,profiles,,,,Admin,,✅ DB_ONLY
/admin/advanced-tools,,,,,,,,,Admin,,⚠️ PARTIAL_DB
/admin/partner-inquiries,partner_inquiries,profiles,,,,partner_inquiries,profiles,,,,Admin,,✅ DB_ONLY
/admin/wioa,wioa_participants,,,,wioa_participants,,,,Admin,,✅ DB_ONLY
/admin/wioa/iep,individual_employment_plans,,,,individual_employment_plans,,,,Admin,,✅ DB_ONLY
/admin/wioa/documents,profiles,wioa_documents,,,,profiles,wioa_documents,,,,Admin,,✅ DB_ONLY
/admin/wioa/verify,documents,wioa_participants,,,,documents,wioa_participants,,,,Admin,,✅ DB_ONLY
/admin/wioa/eligibility,applications,,,,applications,,,,Admin,,✅ DB_ONLY
/admin/staff-portal,handbook_acknowledgments,payroll_profiles,profiles,user_skills,,,,handbook_acknowledgments,payroll_profiles,profiles,user_skills,,,,Admin,,✅ DB_ONLY
/admin/staff-portal/booth-renters,booth_rental_subscriptions,,,,booth_rental_subscriptions,,,,Admin,,✅ DB_ONLY
/admin/staff-portal/skills,user_skills,,,,user_skills,,,,Admin,,✅ DB_ONLY
/admin/staff-portal/attendance,attendance_sessions,profiles,staff_attendance,staff_users,,,,attendance_sessions,profiles,staff_attendance,staff_users,,,,Admin,,✅ DB_ONLY
/admin/staff-portal/attendance/export,attendance_hours,cohorts,,,,attendance_hours,cohorts,,,,Admin,,✅ DB_ONLY
/admin/staff-portal/attendance/take,cohorts,profiles,admin/cohorts/${cohortId}/attendance`, {
      method: ,,,cohorts,profiles,,,,Admin,,✅ ACTIVE
/admin/staff-portal/attendance/record,attendance,profiles,program_enrollments,,,,attendance,profiles,program_enrollments,,,,Admin,,✅ DB_ONLY
/admin/staff-portal/users,profiles,,,,profiles,,,,Admin,,✅ DB_ONLY
/admin/staff-portal/courses,program_enrollments,programs,,,,program_enrollments,programs,,,,Admin,,✅ DB_ONLY
/admin/staff-portal/courses/create,lms_courses,,,,lms_courses,,,,Admin,,✅ DB_ONLY
/admin/staff-portal/training,staff_training_progress,training_modules,,,,staff_training_progress,training_modules,,,,Admin,,✅ DB_ONLY
/admin/staff-portal/hours,,,,,,,,,Admin,,⚠️ PARTIAL_DB
/admin/staff-portal/cases,,,,,,,,,Admin,,⚠️ PARTIAL_DB
/admin/staff-portal/messages,me,them,,,,me,them,,,,Admin,,✅ DB_ONLY
/admin/staff-portal/reports,,,,,,,,,Admin,,⚠️ PARTIAL_DB
/admin/staff-portal/competencies,,,,,,,,,Admin,,⚠️ PARTIAL_DB
/admin/staff-portal/qa-checklist,qa_checklist_completions,qa_checklists,,,,qa_checklist_completions,qa_checklists,,,,Admin,,✅ DB_ONLY
/admin/staff-portal/dashboard,profiles,program_enrollments,,,,profiles,program_enrollments,,,,Admin,,✅ DB_ONLY
/admin/staff-portal/processes,staff_processes,,,,staff_processes,,,,Admin,,✅ DB_ONLY
/admin/staff-portal/tasks,,,,,,,,,Admin,,⚠️ PARTIAL_DB
/admin/staff-portal/students,,,,,,,,,Admin,,⚠️ PARTIAL_DB
/admin/staff-portal/students/add,,programs,,,,,,,Admin,,⚠️ API_ONLY
/admin/staff-portal/settings,profiles,staff_users,staffs,,,,profiles,staff_users,staffs,,,,Admin,,✅ DB_ONLY
/admin/staff-portal/vr,,,,,,,,,Admin,,⚠️ PARTIAL_DB
/admin/staff-portal/campaigns,,crm/templates,staff/campaigns/send,staff/my-students,,,,,,,Admin,,⚠️ API_ONLY
/admin/staff-portal/customer-service,customer_service_protocols,customer_service_tickets,,,,customer_service_protocols,customer_service_tickets,,,,Admin,,✅ DB_ONLY
/admin/applications,applications,,,,applications,,,,Admin,,✅ DB_ONLY
/admin/applications/queue,admin_applications_queue,,,,admin_applications_queue,,,,Admin,,✅ DB_ONLY
/admin/migrations,,,,,,,,,Admin,,⚠️ PARTIAL_DB
/admin/submissions,grant_applications,grant_opportunities,profiles,sos_attachment_library,sos_content_blocks,sos_opportunities,sos_organization_facts,sos_review_tasks,,,,grant_applications,grant_opportunities,profiles,sos_attachment_library,sos_content_blocks,sos_opportunities,sos_organization_facts,sos_review_tasks,,,,Admin,,✅ DB_ONLY
/admin/submissions/content,profiles,sos_content_blocks,sos_organizations,,,,profiles,sos_content_blocks,sos_organizations,,,,Admin,,✅ DB_ONLY
/admin/submissions/attachments,profiles,sos_attachment_library,sos_organizations,,,,profiles,sos_attachment_library,sos_organizations,,,,Admin,,✅ DB_ONLY
/admin/submissions/templates,profiles,sos_document_templates,sos_organizations,,,,profiles,sos_document_templates,sos_organizations,,,,Admin,,✅ DB_ONLY
/admin/submissions/org,profiles,sos_organization_profiles,sos_organizations,,,,profiles,sos_organization_profiles,sos_organizations,,,,Admin,,✅ DB_ONLY
/admin/submissions/compliance,profiles,sos_compliance_records,sos_organizations,,,,profiles,sos_compliance_records,sos_organizations,,,,Admin,,✅ DB_ONLY
/admin/submissions/past-performance,profiles,sos_organizations,sos_past_performance,,,,profiles,sos_organizations,sos_past_performance,,,,Admin,,✅ DB_ONLY
/admin/submissions/partners,profiles,sos_organizations,sos_partner_entities,,,,profiles,sos_organizations,sos_partner_entities,,,,Admin,,✅ DB_ONLY
/admin/submissions/facts,profiles,sos_organization_facts,sos_organizations,,,,profiles,sos_organization_facts,sos_organizations,,,,Admin,,✅ DB_ONLY
/admin/submissions/exceptions,profiles,sos_review_tasks,,,,profiles,sos_review_tasks,,,,Admin,,✅ DB_ONLY
/admin/workflows,,,,,,,,,Admin,,⚠️ PARTIAL_DB
/admin/program-holders,program_holder_programs,program_holders,,,,program_holder_programs,program_holders,,,,Admin,,✅ DB_ONLY
/admin/program-holders/verification,profiles,program_holder_banking,program_holder_documents,program_holders,,,,profiles,program_holder_banking,program_holder_documents,program_holders,,,,Admin,,✅ DB_ONLY
/admin/host-shop/ojt,,,,,,,,,Admin,,⚠️ PARTIAL_DB
/admin/host-shop/reports,,,,,,,,,Admin,,⚠️ PARTIAL_DB
/admin/host-shop/dashboard,lesson_progress,ojt_hours,profiles,program_enrollments,wotc_credits,,,,lesson_progress,ojt_hours,profiles,program_enrollments,wotc_credits,,,,Admin,,✅ DB_ONLY
/admin/host-shop/compliance,,,,,,,,,Admin,,⚠️ PARTIAL_DB
/admin/host-shop/apprentices,,,,,,,,,Admin,,⚠️ PARTIAL_DB
/admin/barriers,participant_barriers,,,,participant_barriers,,,,Admin,,✅ DB_ONLY
/admin/transfer-hours,transfer_hours,,,,transfer_hours,,,,Admin,,✅ DB_ONLY
/admin/providers,profiles,provider_applications,tenants,,,,profiles,provider_applications,tenants,,,,Admin,,✅ DB_ONLY
/admin/course-import,,,,,,,,,Admin,,⚠️ PARTIAL_DB
/admin/external-progress,profiles,,,,profiles,,,,Admin,,✅ DB_ONLY
/admin/quizzes,,,,,,,,,Admin,,⚠️ PARTIAL_DB
/admin/inbox,license_requests,partner_inquiries,user_profiles,,,,license_requests,partner_inquiries,user_profiles,,,,Admin,,✅ DB_ONLY
/admin/cmi,cmi_students,profiles,,,,cmi_students,profiles,,,,Admin,,✅ DB_ONLY
/admin/wotc,wotc_applications,,,,wotc_applications,,,,Admin,,✅ DB_ONLY
/career-services,,,,,,,,,Marketing,,⚠️ PARTIAL_DB
/career-services/courses,,,,,,,,,Marketing,,⚠️ PARTIAL_DB
/career-services/job-placement,,,,,,,,,Marketing,,⚠️ PARTIAL_DB
/career-services/resume-building,,,,,,,,,Marketing,,⚠️ PARTIAL_DB
/career-services/career-counseling,,,,,,,,,Marketing,,⚠️ PARTIAL_DB
/career-services/contact,,,,,,,,,Marketing,,⚠️ PARTIAL_DB
/career-services/interview-prep,,,,,,,,,Marketing,,⚠️ PARTIAL_DB
/metrics,,,,,,,,,Marketing,,⚠️ PARTIAL_DB
/support,,,,,,,,,Marketing,,⚠️ PARTIAL_DB
/support/videos,,,,,,,,,Marketing,,⚠️ PARTIAL_DB
/support/help,,,,,,,,,Marketing,,⚠️ PARTIAL_DB
/support/ticket,,,,,,,,,Marketing,,⚠️ PARTIAL_DB
/support/chat,,,,,,,,,Marketing,,⚠️ PARTIAL_DB
/support/contact,,,,,,,,,Marketing,,⚠️ PARTIAL_DB
/verify-credentials,,,,,,,,,Marketing,,⚠️ PARTIAL_DB
/apprenticeship-programs,,,,,,,,,Marketing,,⚠️ PARTIAL_DB
/partner-upload/[token],partners,,,,partners,,,,Marketing,,✅ DB_ONLY
/for-providers,,,,,,,,,Marketing,,⚠️ PARTIAL_DB
/call-now,,,,,,,,,Marketing,,⚠️ PARTIAL_DB
/tuition,,,,,,,,,Marketing,,⚠️ PARTIAL_DB
/testimonials,,,,,,,,,Marketing,,⚠️ PARTIAL_DB
/partnerships,,,,,,,,,Marketing,,⚠️ PARTIAL_DB
/partner-operating-model,,,,,,,,,Marketing,,⚠️ PARTIAL_DB
/schedule,,,,,,,,,Marketing,,⚠️ PARTIAL_DB
/schedule/meeting,,,,,,,,,Marketing,,⚠️ PARTIAL_DB
/tutoring,profiles,,,,profiles,,,,Marketing,,✅ DB_ONLY
/advising,programs,,,,programs,,,,Marketing,,✅ DB_ONLY
/updates,,,,,,,,,Marketing,,⚠️ PARTIAL_DB
/updates/2026/01/program-calendar,,,,,,,,,Marketing,,⚠️ PARTIAL_DB
/instructor-credentials,,,,,,,,,Marketing,,⚠️ PARTIAL_DB
/signup,site_settings,,,,site_settings,,,,Marketing,,✅ DB_ONLY
/privacy,,,,,,,,,Marketing,,⚠️ PARTIAL_DB
/security,,,,,,,,,Marketing,,⚠️ PARTIAL_DB
/jobs,,,,,,,,,Marketing,,⚠️ PARTIAL_DB
/jobs/jobs,government_job_feed,public_job_board,,,,government_job_feed,public_job_board,,,,Marketing,,✅ DB_ONLY
/directory,,,,,,,,,Marketing,,⚠️ PARTIAL_DB
/file-manager,,,,,,,,,Marketing,,⚠️ PARTIAL_DB
/disclosures/training-delivery,,,,,,,,,Marketing,,⚠️ PARTIAL_DB
/institutional-governance,,,,,,,,,Marketing,,⚠️ PARTIAL_DB
/enroll,,,,,,,,,Marketing,,⚠️ PARTIAL_DB
/enroll/payment,,applications/${applicationId}/verify`);
        if (res.ok) {
          const data = await res.json();
          setApplicationData(data);
          setApplicationValid(true);
        } else {
          // If no verification endpoint, try to fetch application directly
          const appRes = await fetch(`applications/${applicationId}`);
          if (appRes.ok) {
            const appData = await appRes.json();
            setApplicationData(appData);
            setApplicationValid(true);
          } else {
            setError(,apprenticeship/enroll/checkout,,,,,,,Marketing,,⚠️ API_ONLY
/enroll/[programId],programs,enroll/apply,programs/enroll/checkout,,,programs,,,,Marketing,,✅ ACTIVE
/enroll/confirmation,,apprenticeship/enroll/verify?session_id=${sessionId}`);

        if (res.ok) {
          const data = await res.json();
          setEnrollment(data);
        } else {
          // Even if verification fails, show success - webhook handles the real work
          setEnrollment({
            status: ,,,,,,,Marketing,,⚠️ API_ONLY
/shop,,,,,,,,,Marketing,,⚠️ PARTIAL_DB
/shop/products,,,,,,,,,Marketing,,⚠️ PARTIAL_DB
/shop/onboarding,,,,,,,,,Marketing,,⚠️ PARTIAL_DB
/courses,,,,,,,,,Marketing,,⚠️ PARTIAL_DB
/training,,,,,,,,,Marketing,,⚠️ PARTIAL_DB
/training/learning-center,,,,,,,,,Marketing,,⚠️ PARTIAL_DB
/training/certifications,,,,,,,,,Marketing,,⚠️ PARTIAL_DB
/unauthorized,profiles,user_roles,,,,profiles,user_roles,,,,Marketing,,✅ DB_ONLY
/jri,,,,,,,,,Marketing,,⚠️ PARTIAL_DB
/healthcare-training-indianapolis,,,,,,,,,Marketing,,⚠️ PARTIAL_DB
/achievements,achievements,profiles,user_achievements,,,,achievements,profiles,user_achievements,,,,Marketing,,✅ DB_ONLY
/subscription,,,,,,,,,Marketing,,⚠️ PARTIAL_DB
/services,,,,,,,,,Marketing,,⚠️ PARTIAL_DB
/connect,,,,,,,,,Marketing,,⚠️ PARTIAL_DB
/career-training,,,,,,,,,Marketing,,⚠️ PARTIAL_DB
/career-training/career-training,,,,,,,,,Marketing,,⚠️ PARTIAL_DB
/career-training/career-training/[state],,,,,,,,,Marketing,,⚠️ PARTIAL_DB
/apprentice,hour_entries,profiles,,,,hour_entries,profiles,,,,Marketing,,✅ DB_ONLY
/apprentice/skills,apprentice_skill_progress,apprentice_skills,apprentices,skill_categories,,,,apprentice_skill_progress,apprentice_skills,apprentices,skill_categories,,,,Marketing,,✅ DB_ONLY
/apprentice/timeclock,progress_entries,timeclock/action,timeclock/context,timeclock/heartbeat,,,progress_entries,,,,Marketing,,✅ ACTIVE
/apprentice/timeclock/history,,,,,,,,,Marketing,,⚠️ PARTIAL_DB
/apprentice/attendance,,,,,,,,,Marketing,,⚠️ PARTIAL_DB
/apprentice/hours,hour_entries,program_enrollments,,,,hour_entries,program_enrollments,,,,Marketing,,✅ DB_ONLY
/apprentice/hours/log,apprentice_skills,apprentices,competency_log,program_enrollments,skill_categories,,,,apprentice_skills,apprentices,competency_log,program_enrollments,skill_categories,,,,Marketing,,✅ DB_ONLY
/apprentice/workbook,,,,,,,,,Marketing,,⚠️ PARTIAL_DB
/apprentice/handbook,documents,handbook_sections,,,,documents,handbook_sections,,,,Marketing,,✅ DB_ONLY
/apprentice/profile,,,,,,,,,Marketing,,⚠️ PARTIAL_DB
/apprentice/billing,barber_subscriptions,cosmetology_subscriptions,,,,barber_subscriptions,cosmetology_subscriptions,,,,Marketing,,✅ DB_ONLY
/apprentice/competencies,apprentice_skills,competency_log,skill_categories,,,,apprentice_skills,competency_log,skill_categories,,,,Marketing,,✅ DB_ONLY
/apprentice/competencies/log,apprentice_skills,apprentices,competency_log,program_enrollments,skill_categories,,,,apprentice_skills,apprentices,competency_log,program_enrollments,skill_categories,,,,Marketing,,✅ DB_ONLY
/apprentice/state-board,apprenticeship_hours,program_enrollments,student_enrollments,,,,apprenticeship_hours,program_enrollments,student_enrollments,,,,Marketing,,✅ DB_ONLY
/apprentice/documents,apprentice_forms,apprentices,documents,,,,apprentice_forms,apprentices,documents,,,,Marketing,,✅ DB_ONLY
/apprentice/course,,,,,,,,,Marketing,,⚠️ PARTIAL_DB
/apprentice/transfer-hours,apprentices,hour_transfer_requests,,,,apprentices,hour_transfer_requests,,,,Marketing,,✅ DB_ONLY
/apprentice/transfer-hours/request,,,,,,,,,Marketing,,⚠️ PARTIAL_DB
/grievance,,,,,,,,,Marketing,,⚠️ PARTIAL_DB
/operator,,operator/chat,,,,,,,Marketing,,⚠️ API_ONLY
/help,,,,,,,,,Marketing,,⚠️ PARTIAL_DB
/help/courses,,,,,,,,,Marketing,,⚠️ PARTIAL_DB
/help/tutorials,,,,,,,,,Marketing,,⚠️ PARTIAL_DB
/help/technical,,,,,,,,,Marketing,,⚠️ PARTIAL_DB
/help/getting-started,,,,,,,,,Marketing,,⚠️ PARTIAL_DB
/help/account,,,,,,,,,Marketing,,⚠️ PARTIAL_DB
/grants,,,,,,,,,Marketing,,⚠️ PARTIAL_DB
/thankyou,content_blocks,programs,settings,,,,content_blocks,programs,settings,,,,Marketing,,✅ DB_ONLY
/application-success,page_views,,,,page_views,,,,Marketing,,✅ DB_ONLY
/consumer-education,,,,,,,,,Marketing,,⚠️ PARTIAL_DB
/news,,,,,,,,,Marketing,,⚠️ PARTIAL_DB
/workforce-board,,,,,,,,,Marketing,,⚠️ PARTIAL_DB
/workforce-board/employment,,,,,,,,,Marketing,,⚠️ PARTIAL_DB
/workforce-board/dashboard,certificates,partner_lms_providers,profiles,program_enrollments,programs,,,,certificates,partner_lms_providers,profiles,program_enrollments,programs,,,,Marketing,,✅ DB_ONLY
/program-holder/[...path],,,,,,,,,Marketing,,⚠️ PARTIAL_DB
/program-holder/rights-responsibilities,,,,,,,,,Marketing,,⚠️ PARTIAL_DB
/program-holder/sign-mou,,,,,,,,,Marketing,,⚠️ PARTIAL_DB
/program-holder/dashboard,,,,,,,,,Marketing,,⚠️ PARTIAL_DB
/program-holder/onboarding,,,,,,,,,Marketing,,⚠️ PARTIAL_DB
/privacy-policy,,,,,,,,,Marketing,,⚠️ PARTIAL_DB
/agencies,,,,,,,,,Marketing,,⚠️ PARTIAL_DB
/student-support,,,,,,,,,LMS,,⚠️ PARTIAL_DB
/student-support/schedule,,,,,,,,,LMS,,⚠️ PARTIAL_DB
/financing,,,,,,,,,Marketing,,⚠️ PARTIAL_DB
/calendar,,,,,,,,,Marketing,,⚠️ PARTIAL_DB
/calendar/calendar,assignments,program_enrollments,programs,,,,assignments,program_enrollments,programs,,,,Marketing,,✅ DB_ONLY
/offline,,,,,,,,,Marketing,,⚠️ PARTIAL_DB
/forgot-password,,,,,,,,,Marketing,,⚠️ PARTIAL_DB
/employers/directory,,,,,,,,,Marketing,,⚠️ PARTIAL_DB
/employers/post-job,,,,,,,,,Marketing,,⚠️ PARTIAL_DB
/provider/programs,profiles,programs,,,,profiles,programs,,,,Marketing,,✅ DB_ONLY
/provider/programs/new,,,,,,,,,Marketing,,⚠️ PARTIAL_DB
/provider/dashboard,certificates,organizations,profiles,program_enrollments,programs,provider_compliance_artifacts,provider_onboarding_steps,tenant_domains,,,,certificates,organizations,profiles,program_enrollments,programs,provider_compliance_artifacts,provider_onboarding_steps,tenant_domains,,,,Marketing,,✅ DB_ONLY
/provider/compliance,profiles,provider_compliance_artifacts,,,,profiles,provider_compliance_artifacts,,,,Marketing,,✅ DB_ONLY
/provider/settings,organizations,profiles,tenants,,,,organizations,profiles,tenants,,,,Marketing,,✅ DB_ONLY
/booking,,,,,,,,,Marketing,,⚠️ PARTIAL_DB
/booking/booking,appointment_types,locations,staff,,,,appointment_types,locations,staff,,,,Marketing,,✅ DB_ONLY
/booking/booking/enrollment,,,,,,,,,Marketing,,⚠️ PARTIAL_DB
/booth-rental/apply,,,,,,,,,Marketing,,⚠️ PARTIAL_DB
/learner,,,,,,,,,Marketing,,⚠️ PARTIAL_DB
/learner/dashboard,,,,,,,,,Marketing,,⚠️ PARTIAL_DB
/card,,,,,,,,,Marketing,,⚠️ PARTIAL_DB
/sitemap,,,,,,,,,Marketing,,⚠️ PARTIAL_DB
/staff,handbook_acknowledgments,payroll_profiles,profiles,user_skills,,,,handbook_acknowledgments,payroll_profiles,profiles,user_skills,,,,Marketing,,✅ DB_ONLY
/staff/booth-renters,booth_rental_subscriptions,,,,booth_rental_subscriptions,,,,Marketing,,✅ DB_ONLY
/staff/skills,user_skills,,,,user_skills,,,,Marketing,,✅ DB_ONLY
/staff/attendance,attendance_hours,cohorts,,,,attendance_hours,cohorts,,,,Marketing,,✅ DB_ONLY
/staff/attendance/export,attendance_hours,cohorts,,,,attendance_hours,cohorts,,,,Marketing,,✅ DB_ONLY
/staff/attendance/take,cohorts,profiles,admin/cohorts/${cohortId}/attendance`, {
      method: ,,,cohorts,profiles,,,,Marketing,,✅ ACTIVE
/staff/attendance/record,attendance,profiles,program_enrollments,,,,attendance,profiles,program_enrollments,,,,Marketing,,✅ DB_ONLY
/staff/users,profiles,,,,profiles,,,,Marketing,,✅ DB_ONLY
/staff/courses,program_enrollments,programs,,,,program_enrollments,programs,,,,Marketing,,✅ DB_ONLY
/staff/courses/create,lms_courses,,,,lms_courses,,,,Marketing,,✅ DB_ONLY
/staff/training,staff_training_progress,training_modules,,,,staff_training_progress,training_modules,,,,Marketing,,✅ DB_ONLY
/staff/cases,,,,,,,,,Marketing,,⚠️ PARTIAL_DB
/staff/cases/[id],,,,,,,,,Marketing,,⚠️ PARTIAL_DB
/staff/qa-checklist,qa_checklist_completions,qa_checklists,,,,qa_checklist_completions,qa_checklists,,,,Marketing,,✅ DB_ONLY
/staff/dashboard,profiles,program_enrollments,,,,profiles,program_enrollments,,,,Marketing,,✅ DB_ONLY
/staff/processes,staff_processes,,,,staff_processes,,,,Marketing,,✅ DB_ONLY
/staff/students,profiles,,,,profiles,,,,Marketing,,✅ DB_ONLY
/staff/students/add,,programs,,,,,,,Marketing,,⚠️ API_ONLY
/staff/campaigns,,crm/templates,staff/campaigns/send,staff/my-students,,,,,,,Marketing,,⚠️ API_ONLY
/staff/customer-service,customer_service_protocols,customer_service_tickets,,,,customer_service_protocols,customer_service_tickets,,,,Marketing,,✅ DB_ONLY
/error,,,,,,,,,Marketing,,⚠️ PARTIAL_DB
/locations,,,,,,,,,Marketing,,⚠️ PARTIAL_DB
/suboffice-onboarding,,,,,,,,,Marketing,,⚠️ PARTIAL_DB
/suboffice-onboarding/apply,,suboffice/apply,,,,,,,Marketing,,⚠️ API_ONLY
/volunteer,,,,,,,,,Marketing,,⚠️ PARTIAL_DB
/barber-host-shop,,,,,,,,,Marketing,,⚠️ PARTIAL_DB
/faq,,,,,,,,,Marketing,,⚠️ PARTIAL_DB
/faq/faq,,,,,,,,,Marketing,,⚠️ PARTIAL_DB
/ebook/barber-theory,,,,,,,,,Marketing,,⚠️ PARTIAL_DB
/transcript,checkpoint_scores,lesson_progress,lms_lessons,modules,profiles,program_enrollments,,,,checkpoint_scores,lesson_progress,lms_lessons,modules,profiles,program_enrollments,,,,Marketing,,✅ DB_ONLY
/share,,,,,,,,,Marketing,,⚠️ PARTIAL_DB
/handbook,,,,,,,,,Marketing,,⚠️ PARTIAL_DB
/licenses,,,,,,,,,Marketing,,⚠️ PARTIAL_DB
/licenses/request,,,,,,,,,Marketing,,⚠️ PARTIAL_DB
/licenses/purchase,,,,,,,,,Marketing,,⚠️ PARTIAL_DB
/licenses/enterprise-review,,,,,,,,,Marketing,,⚠️ PARTIAL_DB
/messages,direct_message_conversations,users,,,,direct_message_conversations,users,,,,Marketing,,✅ DB_ONLY
/nail-host-shop,,,,,,,,,Marketing,,⚠️ PARTIAL_DB
/how-it-works,,,,,,,,,Marketing,,⚠️ PARTIAL_DB
/snap/snap-et,,,,,,,,,Marketing,,⚠️ PARTIAL_DB
/outcomes,,,,,,,,,Marketing,,⚠️ PARTIAL_DB
/academic-integrity,,,,,,,,,Marketing,,⚠️ PARTIAL_DB
/forms,,,,,,,,,Marketing,,⚠️ PARTIAL_DB
/forms/host-shop-inquiry,,inquiries,,,,,,,Marketing,,⚠️ API_ONLY
/forms/barber-apprenticeship-inquiry,,,,,,,,,Marketing,,⚠️ PARTIAL_DB
/start,,,,,,,,,Marketing,,⚠️ PARTIAL_DB
/start/start,,,,,,,,,Marketing,,⚠️ PARTIAL_DB
/career-assessment,,,,,,,,,Marketing,,⚠️ PARTIAL_DB
/certification-testing,,,,,,,,,Marketing,,⚠️ PARTIAL_DB
/checkout,license_leads,,,,license_leads,,,,Marketing,,✅ DB_ONLY
/checkout/[program],,create-checkout-session,,,,,,,Marketing,,⚠️ API_ONLY
/checkout/success,,,,,,,,,Marketing,,⚠️ PARTIAL_DB
/checkout/career,,checkout/career,,,,,,,Marketing,,⚠️ API_ONLY
/team,,,,,,,,,Marketing,,⚠️ PARTIAL_DB
/press,blog_posts,,,,blog_posts,,,,Marketing,,✅ DB_ONLY
/press/press,blog_posts,,,,blog_posts,,,,Marketing,,✅ DB_ONLY
/ojt-and-funding,,,,,,,,,Marketing,,⚠️ PARTIAL_DB
/profile,users,,,,users,,,,Marketing,,✅ DB_ONLY
/student-resources,,,,,,,,,LMS,,⚠️ PARTIAL_DB
/donate,,,,,,,,,Marketing,,⚠️ PARTIAL_DB
/donate/monthly,,,,,,,,,Marketing,,⚠️ PARTIAL_DB
/apprenticeships,,,,,,,,,Marketing,,⚠️ PARTIAL_DB
/apprenticeships/ipla-exam,,apprenticeships/ipla-exam/checkout,,,,,,,Marketing,,⚠️ API_ONLY
/disaster-recovery,,,,,,,,,Marketing,,⚠️ PARTIAL_DB
/ai,,,,,,,,,Marketing,,⚠️ PARTIAL_DB
/ai/instructor,,,,,,,,,Marketing,,⚠️ PARTIAL_DB
/ai/paris,,,,,,,,,Marketing,,⚠️ PARTIAL_DB
/ai/credential-engine,,,,,,,,,Marketing,,⚠️ PARTIAL_DB
/ai/ai,,,,,,,,,Marketing,,⚠️ PARTIAL_DB
/ai/ai/instructor,,ai/instructor,,,,,,,Marketing,,⚠️ API_ONLY
/ai/ai/job-match,,ai/job-match,,,,,,,Marketing,,⚠️ API_ONLY
/ai/job-match,,,,,,,,,Marketing,,⚠️ PARTIAL_DB
/ai/dev-studio,,,,,,,,,Marketing,,⚠️ PARTIAL_DB
/ai/course-factory,,,,,,,,,Marketing,,⚠️ PARTIAL_DB
/billing,invoices,,,,invoices,,,,Marketing,,✅ DB_ONLY
/verification-approvals,,,,,,,,,Marketing,,⚠️ PARTIAL_DB
/login,profiles,auth/2fa/status,auth/2fa/verify,auth/send-magic-link,,,profiles,,,,Marketing,,✅ ACTIVE
/login/apprentice,,,,,,,,,Marketing,,⚠️ PARTIAL_DB
/approvals,,,,,,,,,Marketing,,⚠️ PARTIAL_DB
/mobile-app,,,,,,,,,Marketing,,⚠️ PARTIAL_DB
/portals,,,,,,,,,Marketing,,⚠️ PARTIAL_DB
/copyright,,,,,,,,,Marketing,,⚠️ PARTIAL_DB
/reports,reports,,,,reports,,,,Marketing,,✅ DB_ONLY
/solutions,,,,,,,,,Marketing,,⚠️ PARTIAL_DB
/solutions/higher-ed,,,,,,,,,Marketing,,⚠️ PARTIAL_DB
/solutions/k12,,,,,,,,,Marketing,,⚠️ PARTIAL_DB
/solutions/distance-learning,,,,,,,,,Marketing,,⚠️ PARTIAL_DB
/policies,,,,,,,,,Marketing,,⚠️ PARTIAL_DB
/licensing,,,,,,,,,Marketing,,⚠️ PARTIAL_DB
/legal-entity-structure,,,,,,,,,Marketing,,⚠️ PARTIAL_DB
/workbooks,,,,,,,,,Marketing,,⚠️ PARTIAL_DB
/mou/employer,,,,,,,,,Marketing,,⚠️ PARTIAL_DB
/cookies,,,,,,,,,Marketing,,⚠️ PARTIAL_DB
/creator/products,marketplace_products,marketplace_sales,,,,marketplace_products,marketplace_sales,,,,Marketing,,✅ DB_ONLY
/orientation-video,,,,,,,,,Marketing,,⚠️ PARTIAL_DB
/create-course,course_templates,,,,course_templates,,,,Marketing,,✅ DB_ONLY
/verify-identity,documents,,,,documents,,,,Marketing,,✅ DB_ONLY
/demos,,,,,,,,,Marketing,,⚠️ PARTIAL_DB
/community-services,,,,,,,,,Marketing,,⚠️ PARTIAL_DB
/community-services/community-services,,,,,,,,,Marketing,,⚠️ PARTIAL_DB
/community-services/community-services/[state],,,,,,,,,Marketing,,⚠️ PARTIAL_DB
/cosmetology-host-shop,,,,,,,,,Marketing,,⚠️ PARTIAL_DB
/cosmetology-host-shop/dashboard,,,,,,,,,Marketing,,⚠️ PARTIAL_DB
/roi,,,,,,,,,Marketing,,⚠️ PARTIAL_DB
/import,,,,,,,,,Marketing,,⚠️ PARTIAL_DB
/workkeys,,,,,,,,,Marketing,,⚠️ PARTIAL_DB
/governance/security,,,,,,,,,Marketing,,⚠️ PARTIAL_DB
/governance/operational-controls,,,,,,,,,Marketing,,⚠️ PARTIAL_DB
/programs,,,,,,,,,Marketing,,⚠️ PARTIAL_DB
/programs/technology,,,,,,,,,Marketing,,⚠️ PARTIAL_DB
/programs/skilled-trades,,,,,,,,,Marketing,,⚠️ PARTIAL_DB
/programs/peer-recovery-specialist/apply,,applications,,,,,,,Marketing,,⚠️ API_ONLY
/programs/peer-recovery-specialist/apply/success,,,,,,,,,Marketing,,⚠️ PARTIAL_DB
/programs/cosmetology-apprenticeship/enrollment-success,program_enrollments,,,,program_enrollments,,,,Marketing,,✅ DB_ONLY
/programs/cosmetology-apprenticeship/payment/bnpl,,,,,,,,,Marketing,,⚠️ PARTIAL_DB
/programs/cosmetology-apprenticeship/payment-setup,,cosmetology/activate-subscription,cosmetology/setup-intent,,,,,,,Marketing,,⚠️ API_ONLY
/programs/cosmetology-apprenticeship/payment-setup/confirm,,cosmetology/activate-subscription,,,,,,,Marketing,,⚠️ API_ONLY
/programs/cosmetology-apprenticeship/orientation,cosmetology_subscriptions,orientation_completions,profiles,program_enrollments,,,,cosmetology_subscriptions,orientation_completions,profiles,program_enrollments,,,,Marketing,,✅ DB_ONLY
/programs/cosmetology-apprenticeship/apply,,,,,,,,,Marketing,,⚠️ PARTIAL_DB
/programs/cosmetology-apprenticeship/apply/apprentice,,,,,,,,,Marketing,,⚠️ PARTIAL_DB
/programs/cosmetology-apprenticeship/apply/success,,,,,,,,,Marketing,,⚠️ PARTIAL_DB
/programs/cosmetology-apprenticeship/host-shops,,,,,,,,,Marketing,,⚠️ PARTIAL_DB
/programs/cosmetology-apprenticeship/eligibility,,,,,,,,,Marketing,,⚠️ PARTIAL_DB
/programs/cdl-training/enrollment-success,,,,,,,,,Marketing,,⚠️ PARTIAL_DB
/programs/cdl-training/waitlist,,,,,,,,,Marketing,,⚠️ PARTIAL_DB
/programs/hvac-technician/study-guide,,,,,,,,,Marketing,,⚠️ PARTIAL_DB
/programs/hvac-technician/apply,,affirm/checkout,applications,enroll/payment,sezzle/checkout,,,,,,,Marketing,,⚠️ API_ONLY
/programs/hvac-technician/apply/success,,,,,,,,,Marketing,,⚠️ PARTIAL_DB
/programs/hvac-technician/curriculum,,,,,,,,,Marketing,,⚠️ PARTIAL_DB
/programs/hvac-technician/course,lesson_progress,lms_lessons,,,,lesson_progress,lms_lessons,,,,Marketing,,✅ DB_ONLY
/programs/[program],programs,,,,programs,,,,Marketing,,✅ DB_ONLY
/programs/[program]/confirm,,stripe/verify-session?session_id=${sessionId}`)
      .then(r => r.json())
      .then(d => setStatus(d.paid ? ,,,,,,,Marketing,,⚠️ API_ONLY
/programs/[program]/enrollment-success,program_enrollments,,,,program_enrollments,,,,Marketing,,✅ DB_ONLY
/programs/[program]/courses,lms_courses,programs,,,,lms_courses,programs,,,,Marketing,,✅ DB_ONLY
/programs/[program]/training,program_courses,program_enrollments,program_external_completions,program_external_courses,programs,,,,program_courses,program_enrollments,program_external_completions,program_external_courses,programs,,,,Marketing,,✅ DB_ONLY
/programs/[program]/discussions,forum_posts,forum_threads,profiles,program_discussions,program_enrollments,programs,,,,forum_posts,forum_threads,profiles,program_discussions,program_enrollments,programs,,,,Marketing,,✅ DB_ONLY
/programs/[program]/discussions/[threadId],program_discussion_replies,program_discussions,program_enrollments,programs,discussions/like,discussions/reply,,,program_discussion_replies,program_discussions,program_enrollments,programs,,,,Marketing,,✅ ACTIVE
/programs/[program]/payment-setup,,stripe/create-payment-intent,,,,,,,Marketing,,⚠️ API_ONLY
/programs/[program]/request-info,,,,,,,,,Marketing,,⚠️ PARTIAL_DB
/programs/[program]/orientation,,enrollment/complete-orientation,,,,,,,Marketing,,⚠️ API_ONLY
/programs/[program]/apply,,applications,,,,,,,Marketing,,⚠️ API_ONLY
/programs/[program]/apply/success,,,,,,,,,Marketing,,⚠️ PARTIAL_DB
/programs/[program]/documents,program_enrollments,enrollment/submit-documents,enrollment/upload-document,,,program_enrollments,,,,Marketing,,✅ ACTIVE
/programs/[program]/eligibility,,,,,,,,,Marketing,,⚠️ PARTIAL_DB
/programs/beauty,,,,,,,,,Marketing,,⚠️ PARTIAL_DB
/programs/esthetician-apprenticeship/enrollment-success,program_enrollments,,,,program_enrollments,,,,Marketing,,✅ DB_ONLY
/programs/esthetician-apprenticeship/orientation,,enrollment/complete-orientation,,,,,,,Marketing,,⚠️ API_ONLY
/programs/esthetician-apprenticeship/apply,,,,,,,,,Marketing,,⚠️ PARTIAL_DB
/programs/esthetician-apprenticeship/documents,enrollments,enrollment/submit-documents,enrollment/upload-document,,,enrollments,,,,Marketing,,✅ ACTIVE
/programs/esthetician-apprenticeship/host-shops,,,,,,,,,Marketing,,⚠️ PARTIAL_DB
/programs/esthetician-apprenticeship/eligibility,,,,,,,,,Marketing,,⚠️ PARTIAL_DB
/programs/barber-apprenticeship/confirm,,programs/barber-apprenticeship/confirm,,,,,,,Marketing,,⚠️ API_ONLY
/programs/barber-apprenticeship/enrollment-success,program_enrollments,,,,program_enrollments,,,,Marketing,,✅ DB_ONLY
/programs/barber-apprenticeship/payment/bnpl,,,,,,,,,Marketing,,⚠️ PARTIAL_DB
/programs/barber-apprenticeship/payment-setup,,barber/activate-subscription,barber/setup-intent,,,,,,,Marketing,,⚠️ API_ONLY
/programs/barber-apprenticeship/payment-setup/confirm,,barber/activate-subscription,,,,,,,Marketing,,⚠️ API_ONLY
/programs/barber-apprenticeship/orientation,barber_subscriptions,,,,barber_subscriptions,,,,Marketing,,✅ DB_ONLY
/programs/barber-apprenticeship/apply,,,,,,,,,Marketing,,⚠️ PARTIAL_DB
/programs/barber-apprenticeship/apply/apprentice,,,,,,,,,Marketing,,⚠️ PARTIAL_DB
/programs/barber-apprenticeship/apply/success,,,,,,,,,Marketing,,⚠️ PARTIAL_DB
/programs/barber-apprenticeship/documents,program_enrollments,enrollment/submit-documents,enrollment/upload-document,,,program_enrollments,,,,Marketing,,✅ ACTIVE
/programs/barber-apprenticeship/host-shops,,,,,,,,,Marketing,,⚠️ PARTIAL_DB
/programs/barber-apprenticeship/host-shops/apply,,,,,,,,,Marketing,,⚠️ PARTIAL_DB
/programs/barber-apprenticeship/eligibility,,,,,,,,,Marketing,,⚠️ PARTIAL_DB
/programs/healthcare,,,,,,,,,Marketing,,⚠️ PARTIAL_DB
/programs/healthcare/[slug],,,,,,,,,Marketing,,⚠️ PARTIAL_DB
/programs/qma/apply,,,,,,,,,Marketing,,⚠️ PARTIAL_DB
/programs/qma/apply/success,,,,,,,,,Marketing,,⚠️ PARTIAL_DB
/programs/business,,,,,,,,,Marketing,,⚠️ PARTIAL_DB
/programs/cpr-first-aid/payment/bnpl,,,,,,,,,Marketing,,⚠️ PARTIAL_DB
/programs/catalog,partner_courses,,,,partner_courses,,,,Marketing,,✅ DB_ONLY
/programs/medical-assistant/enroll,,affirm/checkout,enroll/cna,sezzle/checkout,,,,,,,Marketing,,⚠️ API_ONLY
/programs/cna/enroll,,enroll/cna,payments/create-session,,,,,,,Marketing,,⚠️ API_ONLY
/programs/cna/apply/success,,,,,,,,,Marketing,,⚠️ PARTIAL_DB
/programs/nail-technician-apprenticeship/apply,,,,,,,,,Marketing,,⚠️ PARTIAL_DB
/programs/nail-technician-apprenticeship/host-shops,,,,,,,,,Marketing,,⚠️ PARTIAL_DB
/education,,,,,,,,,Marketing,,⚠️ PARTIAL_DB
/payment,payment_options,,,,payment_options,,,,Marketing,,✅ DB_ONLY
/payment/affirm/confirm,,affirm/transactions,,,,,,,Marketing,,⚠️ API_ONLY
/payment/affirm/cancel,page_views,,,,page_views,,,,Marketing,,✅ DB_ONLY
/payment/cancel,page_views,,,,page_views,,,,Marketing,,✅ DB_ONLY
/sign/[documentId],signature_documents,signatures,signature/documents/${documentId}/sign`, {
      method: ,,,signature_documents,signatures,,,,Marketing,,✅ ACTIVE
/barber-and-beauty-apprenticeships,,,,,,,,,Marketing,,⚠️ PARTIAL_DB
/notifications,notifications,,,,notifications,,,,Marketing,,✅ DB_ONLY
/healthcare,,,,,,,,,Marketing,,⚠️ PARTIAL_DB
/c/[token],audit_logs,credential_share_links,credentials,,,,audit_logs,credential_share_links,credentials,,,,Marketing,,✅ DB_ONLY
/auth/admin/reset-password,,,,,,,,,Marketing,,⚠️ PARTIAL_DB
/auth/set-password,profiles,,,,profiles,,,,Marketing,,✅ DB_ONLY
/auth/reset-password,profiles,,,,profiles,,,,Marketing,,✅ DB_ONLY
/cna-waitlist,,,,,,,,,Marketing,,⚠️ PARTIAL_DB
/cna-waitlist/cna-waitlist,,,,,,,,,Marketing,,⚠️ PARTIAL_DB
/email,,,,,,,,,Marketing,,⚠️ PARTIAL_DB
/skilled-trades-training-indiana,,,,,,,,,Marketing,,⚠️ PARTIAL_DB
/license-suspended,,,,,,,,,Marketing,,⚠️ PARTIAL_DB
/career-counseling,,,,,,,,,Marketing,,⚠️ PARTIAL_DB
/docs,,,,,,,,,Marketing,,⚠️ PARTIAL_DB
/docs/program-holder-guide,,,,,,,,,Marketing,,⚠️ PARTIAL_DB
/docs/api,,,,,,,,,Marketing,,⚠️ PARTIAL_DB
/docs/quickstart,,,,,,,,,Marketing,,⚠️ PARTIAL_DB
/preview/barber-studio,,,,,,,,,Marketing,,⚠️ PARTIAL_DB
/preview/barber-videos,course_lessons,,,,course_lessons,,,,Marketing,,✅ DB_ONLY
/install-app,,,,,,,,,Marketing,,⚠️ PARTIAL_DB
/funding,,,,,,,,,Marketing,,⚠️ PARTIAL_DB
/funding/confirm,profiles,,,,profiles,,,,Marketing,,✅ DB_ONLY
/funding/jri,,,,,,,,,Marketing,,⚠️ PARTIAL_DB
/funding/job-ready-indy,,,,,,,,,Marketing,,⚠️ PARTIAL_DB
/funding/grant-programs,programs,,,,programs,,,,Marketing,,✅ DB_ONLY
/funding/dol,funding_sources,,,,funding_sources,,,,Marketing,,✅ DB_ONLY
/funding/how-it-works,,,,,,,,,Marketing,,⚠️ PARTIAL_DB
/funding/wrg,,,,,,,,,Marketing,,⚠️ PARTIAL_DB
/funding/federal-programs,,,,,,,,,Marketing,,⚠️ PARTIAL_DB
/funding/wioa,funding_options,,,,funding_options,,,,Marketing,,✅ DB_ONLY
/funding/state-programs,,,,,,,,,Marketing,,⚠️ PARTIAL_DB
/admin-login,,,,,,,,,Admin,,⚠️ PARTIAL_DB
/store,,,,,,,,,Marketing,,⚠️ PARTIAL_DB
/store/practice-tests,,,,,,,,,Marketing,,⚠️ PARTIAL_DB
/store/courses,,,,,,,,,Marketing,,⚠️ PARTIAL_DB
/store/courses/hvac-technician-course-license,,,,,,,,,Marketing,,⚠️ PARTIAL_DB
/store/digital,,,,,,,,,Marketing,,⚠️ PARTIAL_DB
/store/licenses,,,,,,,,,Marketing,,⚠️ PARTIAL_DB
/store/licenses/trial-success,,,,,,,,,Marketing,,⚠️ PARTIAL_DB
/store/licenses/pro-license,,,,,,,,,Marketing,,⚠️ PARTIAL_DB
/store/licenses/pro-license/trial,,,,,,,,,Marketing,,⚠️ PARTIAL_DB
/store/licenses/starter-license,,,,,,,,,Marketing,,⚠️ PARTIAL_DB
/store/licenses/starter-license/trial,,trial/start-managed,,,,,,,Marketing,,⚠️ API_ONLY
/store/licenses/checkout/[slug],,store/products/${encodeURIComponent(slug)}`)
      .then(res => {
        if (!res.ok) throw new Error(,,,,,,,Marketing,,⚠️ API_ONLY
/store/licenses/success,,licenses/checkout?session_id=${sessionId}`);
          if (res.ok) {
            const data = await res.json();
            setTenantData(data);
          }
        } catch (e) {
          logger.error(,,,,,,,Marketing,,⚠️ API_ONLY
/store/licenses/managed-platform,,,,,,,,,Marketing,,⚠️ PARTIAL_DB
/store/licenses/source-use,,,,,,,,,Marketing,,⚠️ PARTIAL_DB
/store/licenses/enterprise-license,,,,,,,,,Marketing,,⚠️ PARTIAL_DB
/store/licenses/enterprise-license/trial,,,,,,,,,Marketing,,⚠️ PARTIAL_DB
/store/licenses/school-license,,,,,,,,,Marketing,,⚠️ PARTIAL_DB
/store/checkout,cart_items,profiles,,,,cart_items,profiles,,,,Marketing,,✅ DB_ONLY
/store/checkout/success,,store/checkout/verify?session_id=${sessionId}`)
      .then(res => res.json())
      .then(data => {
        if (data.error) {
          // Fallback if session can,,,,,,,Marketing,,⚠️ API_ONLY
/store/checkout/[slug],,store/create-payment-intent,,,,,,,Marketing,,⚠️ API_ONLY
/store/checkout/cancel,products,,,,products,,,,Marketing,,✅ DB_ONLY
/store/success,order_items,orders,purchases,,,,order_items,orders,purchases,,,,Marketing,,✅ DB_ONLY
/store/sam-gov-assistant,,,,,,,,,Marketing,,⚠️ PARTIAL_DB
/store/trial,,trial/begin-onboarding,trial/start-managed,,,,,,,Marketing,,⚠️ API_ONLY
/store/trial/convert,,trials/convert?trialId=${trialId}`)
        .then((res) => res.json())
        .then((data) => {
          if (data.trials?.length > 0) {
            setTrial(data.trials[0]);
          }
        })
        .catch(console.error)
        .finally(() => setLoading(false));
    } else {
      setLoading(false);
    }
  }, []);

  const handleConvert = async () => {
    if (!trial) return;
    
    setConverting(true);
    setError(null);

    try {
      const res = await fetch(,,,,,,,Marketing,,⚠️ API_ONLY
/store/licensing,,,,,,,,,Marketing,,⚠️ PARTIAL_DB
/store/licensing/checkout/[slug],,,,,,,,,Marketing,,⚠️ PARTIAL_DB
/store/cart,cart_items,,,,cart_items,,,,Marketing,,✅ DB_ONLY
/store/deployment,deployment_options,,,,deployment_options,,,,Marketing,,✅ DB_ONLY
/store/demos,,,,,,,,,Marketing,,⚠️ PARTIAL_DB
/store/guides,,,,,,,,,Marketing,,⚠️ PARTIAL_DB
/store/guides/capital-readiness,,,,,,,,,Marketing,,⚠️ PARTIAL_DB
/store/guides/capital-readiness/slides,,,,,,,,,Marketing,,⚠️ PARTIAL_DB
/store/guides/capital-readiness/enterprise,products,,,,products,,,,Marketing,,✅ DB_ONLY
/store/guides/licensing,,,,,,,,,Marketing,,⚠️ PARTIAL_DB
/store/dev-studio,,,,,,,,,Marketing,,⚠️ PARTIAL_DB
/store/subscriptions,store_subscription_pricing,store_subscriptions,store/customer-portal,store/subscribe,,,store_subscription_pricing,store_subscriptions,,,,Marketing,,✅ ACTIVE
/store/demo,,,,,,,,,Marketing,,⚠️ PARTIAL_DB
/store/demo/instructor,,,,,,,,,Marketing,,⚠️ PARTIAL_DB
/store/demo/admin,,,,,,,,,Marketing,,⚠️ PARTIAL_DB
/store/demo/employer,,,,,,,,,Marketing,,⚠️ PARTIAL_DB
/store/demo/institutional,,,,,,,,,Marketing,,⚠️ PARTIAL_DB
/store/demo/enterprise,,,,,,,,,Marketing,,⚠️ PARTIAL_DB
/store/demo/student,,,,,,,,,Marketing,,⚠️ PARTIAL_DB
/store/beauty-programs,,,,,,,,,Marketing,,⚠️ PARTIAL_DB
/store/ai-team,,,,,,,,,Marketing,,⚠️ PARTIAL_DB
/store/integrations,integrations,,,,integrations,,,,Marketing,,✅ DB_ONLY
/store/compliance,documents,,,,documents,,,,Marketing,,✅ DB_ONLY
/store/compliance/wcag,,,,,,,,,Marketing,,⚠️ PARTIAL_DB
/store/compliance/ferpa,,,,,,,,,Marketing,,⚠️ PARTIAL_DB
/store/compliance/wioa,,,,,,,,,Marketing,,⚠️ PARTIAL_DB
/store/compliance/grant-reporting,,,,,,,,,Marketing,,⚠️ PARTIAL_DB
/store/course-builder,,,,,,,,,Marketing,,⚠️ PARTIAL_DB
/store/add-ons,products,,,,products,,,,Marketing,,✅ DB_ONLY
/store/add-ons/agency-template-autofill,,,,,,,,,Marketing,,⚠️ PARTIAL_DB
/store/add-ons/community-hub,,,,,,,,,Marketing,,⚠️ PARTIAL_DB
/store/add-ons/community-hub/checkout,,,,,,,,,Marketing,,⚠️ PARTIAL_DB
/store/add-ons/workforce-grant-operations-hub,,,,,,,,,Marketing,,⚠️ PARTIAL_DB
/store/add-ons/proposal-writing-assistant,,,,,,,,,Marketing,,⚠️ PARTIAL_DB
/store/add-ons/grant-contract-suite,,,,,,,,,Marketing,,⚠️ PARTIAL_DB
/store/add-ons/analytics-pro,products,,,,products,,,,Marketing,,✅ DB_ONLY
/store/add-ons/analytics-pro/checkout,,,,,,,,,Marketing,,⚠️ PARTIAL_DB
/store/add-ons/compliance-automation,products,,,,products,,,,Marketing,,✅ DB_ONLY
/store/add-ons/compliance-automation/checkout,,,,,,,,,Marketing,,⚠️ PARTIAL_DB
/store/add-ons/compliance-signature-automation,,,,,,,,,Marketing,,⚠️ PARTIAL_DB
/store/ai-studio,,,,,,,,,Marketing,,⚠️ PARTIAL_DB
/store/testing,,,,,,,,,Marketing,,⚠️ PARTIAL_DB
/store/apps,,,,,,,,,Marketing,,⚠️ PARTIAL_DB
/store/apps/sam-gov,,,,,,,,,Marketing,,⚠️ PARTIAL_DB
/store/apps/grants,,,,,,,,,Marketing,,⚠️ PARTIAL_DB
/store/apps/website-builder,,,,,,,,,Marketing,,⚠️ PARTIAL_DB
/store/plans,,,,,,,,,Marketing,,⚠️ PARTIAL_DB
/store/workflow-studio,,,,,,,,,Marketing,,⚠️ PARTIAL_DB
/store/white-label,,provisioning/tenant?subdomain=${subdomain}`);
      const data = await res.json();
      setAvailable(data.available);
    } catch {
      setAvailable(null);
    }
    setChecking(false);
  };

  return (
    <div className=,,,,,,,Marketing,,⚠️ API_ONLY
/accessibility,,,,,,,,,Marketing,,⚠️ PARTIAL_DB
/accessibility/accessibility,,,,,,,,,Marketing,,⚠️ PARTIAL_DB
/for-partners,,,,,,,,,Marketing,,⚠️ PARTIAL_DB
/workone-partner-packet,,,,,,,,,Marketing,,⚠️ PARTIAL_DB
/orientation,,,,,,,,,Marketing,,⚠️ PARTIAL_DB
/orientation/schedule,,,,,,,,,Marketing,,⚠️ PARTIAL_DB
/orientation/competency-test,,,,,,,,,Marketing,,⚠️ PARTIAL_DB
/(partner)/partners/admin/placements,apprentice_placements,,,,apprentice_placements,,,,Marketing,,✅ DB_ONLY
/(partner)/partners/admin/shops,shops,,,,shops,,,,Marketing,,✅ DB_ONLY
/contracts,,,,,,,,,Marketing,,⚠️ PARTIAL_DB
/contracts/branding-addendum,,,,,,,,,Marketing,,⚠️ PARTIAL_DB
/contracts/workforce-mou,,,,,,,,,Marketing,,⚠️ PARTIAL_DB
/contracts/data-sharing,,,,,,,,,Marketing,,⚠️ PARTIAL_DB
/contracts/master-license,,,,,,,,,Marketing,,⚠️ PARTIAL_DB
/contracts/employer-agreement,,,,,,,,,Marketing,,⚠️ PARTIAL_DB
/enrollment,,,,,,,,,Marketing,,⚠️ PARTIAL_DB
/enrollment/orientation,program_enrollments,enrollment/orientation/complete,,,program_enrollments,,,,Marketing,,✅ ACTIVE
/enrollment/documents,program_enrollments,documents/upload,enrollment/documents/complete,,,program_enrollments,,,,Marketing,,✅ ACTIVE
/enrollment/confirmed,program_enrollments,,,,program_enrollments,,,,Marketing,,✅ DB_ONLY
/launch,,,,,,,,,Marketing,,⚠️ PARTIAL_DB
/wioa-participant,,,,,,,,,Marketing,,⚠️ PARTIAL_DB
/federal-compliance,,,,,,,,,Marketing,,⚠️ PARTIAL_DB
/trust,,,,,,,,,Marketing,,⚠️ PARTIAL_DB
/certiport-exam,,,,,,,,,Marketing,,⚠️ PARTIAL_DB
/certiport-exam/certiport-exam,certiport_exam_requests,program_enrollments,certiport-exam/request,,,certiport_exam_requests,program_enrollments,,,,Marketing,,✅ ACTIVE
/demo,,,,,,,,,Marketing,,⚠️ PARTIAL_DB
/dashboard,profiles,,,,profiles,,,,Marketing,,✅ DB_ONLY
/employer,,,,,,,,,Marketing,,⚠️ PARTIAL_DB
/employer/[...path],,,,,,,,,Marketing,,⚠️ PARTIAL_DB
/employer/placements,job_placements,profiles,,,,job_placements,profiles,,,,Marketing,,✅ DB_ONLY
/employer/register,,,,,,,,,Marketing,,⚠️ PARTIAL_DB
/employer/jobs,job_postings,profiles,,,,job_postings,profiles,,,,Marketing,,✅ DB_ONLY
/employer/shop/create,shop_staff,,,,shop_staff,,,,Marketing,,✅ DB_ONLY
/employer/hours,hour_entries,,,,hour_entries,,,,Marketing,,✅ DB_ONLY
/employer/apprenticeships,apprenticeship_enrollments,apprenticeships,,,,apprenticeship_enrollments,apprenticeships,,,,Marketing,,✅ DB_ONLY
/employer/reports,applications,job_placements,jobs,,,,applications,job_placements,jobs,,,,Marketing,,✅ DB_ONLY
/employer/reports/submit,applications,job_placements,,,,applications,job_placements,,,,Marketing,,✅ DB_ONLY
/employer/verification,,,,,,,,,Marketing,,⚠️ PARTIAL_DB
/employer/programs/[id],programs,,,,programs,,,,Marketing,,✅ DB_ONLY
/employer/dashboard,apprenticeships,job_applications,job_postings,profiles,,,,apprenticeships,job_applications,job_postings,profiles,,,,Marketing,,✅ DB_ONLY
/employer/compliance,,,,,,,,,Marketing,,⚠️ PARTIAL_DB
/employer/post-job,,,,,,,,,Marketing,,⚠️ PARTIAL_DB
/employer/settings,employers,profiles,,,,employers,profiles,,,,Marketing,,✅ DB_ONLY
/employer/documents,document_requirements,documents,,,,document_requirements,documents,,,,Marketing,,✅ DB_ONLY
/employer/documents/upload,,,,,,,,,Marketing,,⚠️ PARTIAL_DB
/employer/candidates,profiles,program_enrollments,,,,profiles,program_enrollments,,,,Marketing,,✅ DB_ONLY
/employer/apprentices,,,,,,,,,Marketing,,⚠️ PARTIAL_DB
/employer/analytics,job_applications,job_postings,,,,job_applications,job_postings,,,,Marketing,,✅ DB_ONLY
/employer/company,apprenticeships,employers,job_applications,job_postings,profiles,,,,apprenticeships,employers,job_applications,job_postings,profiles,,,,Marketing,,✅ DB_ONLY
/employer/postings,job_postings,,,,job_postings,,,,Marketing,,✅ DB_ONLY
/employer/postings/[id],job_applications,job_postings,,,,job_applications,job_postings,,,,Marketing,,✅ DB_ONLY
/employer/postings/[id]/edit,job_postings,,,,job_postings,,,,Marketing,,✅ DB_ONLY
/employer/applications,job_applications,job_postings,,,,job_applications,job_postings,,,,Marketing,,✅ DB_ONLY
/employer/opportunities,job_opportunities,,,,job_opportunities,,,,Marketing,,✅ DB_ONLY
/employer/wotc,job_applications,job_postings,,,,job_applications,job_postings,,,,Marketing,,✅ DB_ONLY
/portal/plumbing,,,,,,,,,Marketing,,⚠️ PARTIAL_DB
/portal/esthetician,,,,,,,,,Marketing,,⚠️ PARTIAL_DB
/portal/cosmetology,,,,,,,,,Marketing,,⚠️ PARTIAL_DB
/portal/nail-technician,,,,,,,,,Marketing,,⚠️ PARTIAL_DB
/portal/electrical,,,,,,,,,Marketing,,⚠️ PARTIAL_DB
/portal/culinary,,,,,,,,,Marketing,,⚠️ PARTIAL_DB
/portal/[portalKey],lesson_progress,profiles,program_completion_certificates,program_enrollments,,,,lesson_progress,profiles,program_completion_certificates,program_enrollments,,,,Marketing,,✅ DB_ONLY
/portal/barber,,,,,,,,,Marketing,,⚠️ PARTIAL_DB
/success-stories,,,,,,,,,Marketing,,⚠️ PARTIAL_DB
/success-stories/success-stories,program_completion_certificates,program_enrollments,,,,program_completion_certificates,program_enrollments,,,,Marketing,,✅ DB_ONLY
/careers,,,,,,,,,Marketing,,⚠️ PARTIAL_DB
/careers/jobs,,,,,,,,,Marketing,,⚠️ PARTIAL_DB
/careers/careers,job_postings,programs,,,,job_postings,programs,,,,Marketing,,✅ DB_ONLY
/careers/careers/[id],job_applications,documents/upload,hr/emails,,,job_applications,,,,Marketing,,✅ ACTIVE
/careers/careers/assessment,,careers/assessment,,,,,,,Marketing,,⚠️ API_ONLY
/careers/assessment,,,,,,,,,Marketing,,⚠️ PARTIAL_DB
/case-manager,,,,,,,,,Marketing,,⚠️ PARTIAL_DB
/case-manager/[...path],,,,,,,,,Marketing,,⚠️ PARTIAL_DB
/case-manager/placements,placement_records,,,,placement_records,,,,Marketing,,✅ DB_ONLY
/case-manager/hours,,,,,,,,,Marketing,,⚠️ PARTIAL_DB
/case-manager/reports/wioa,applications,case_manager_assignments,placement_records,profiles,wioa_participant_records,wioa_participants,,,,applications,case_manager_assignments,placement_records,profiles,wioa_participant_records,wioa_participants,,,,Marketing,,✅ DB_ONLY
/case-manager/dashboard,case_manager_assignments,learner_credentials,placement_records,profiles,program_enrollments,,,,case_manager_assignments,learner_credentials,placement_records,profiles,program_enrollments,,,,Marketing,,✅ DB_ONLY
/case-manager/candidates,profiles,program_enrollments,,,,profiles,program_enrollments,,,,Marketing,,✅ DB_ONLY
/case-manager/analytics,job_applications,job_postings,,,,job_applications,job_postings,,,,Marketing,,✅ DB_ONLY
/case-manager/applications,job_applications,job_postings,,,,job_applications,job_postings,,,,Marketing,,✅ DB_ONLY
/case-manager/participants,applications,case_manager_assignments,profiles,program_enrollments,,,,applications,case_manager_assignments,profiles,program_enrollments,,,,Marketing,,✅ DB_ONLY
/case-manager/participants/[id],applications,case_manager_assignments,credentials,placement_records,profiles,program_enrollments,wioa_participants,,,,applications,case_manager_assignments,credentials,placement_records,profiles,program_enrollments,wioa_participants,,,,Marketing,,✅ DB_ONLY
/philanthropy,,,,,,,,,Marketing,,⚠️ PARTIAL_DB
/apply,programs,,,,programs,,,,Marketing,,✅ DB_ONLY
/apply/status,,,,,,,,,Marketing,,⚠️ PARTIAL_DB
/apply/program-holder,site_settings,,,,site_settings,,,,Marketing,,✅ DB_ONLY
/apply/program-holder/confirmation,,,,,,,,,Marketing,,⚠️ PARTIAL_DB
/apply/intake,,,,,,,,,Marketing,,⚠️ PARTIAL_DB
/apply/staff,site_settings,,,,site_settings,,,,Marketing,,✅ DB_ONLY
/apply/staff/success,page_views,,,,page_views,,,,Marketing,,✅ DB_ONLY
/apply/success,,,,,,,,,Marketing,,⚠️ PARTIAL_DB
/apply/pending-workone,,,,,,,,,Marketing,,⚠️ PARTIAL_DB
/apply/employer,,,,,,,,,Marketing,,⚠️ PARTIAL_DB
/apply/employer/success,page_views,,,,page_views,,,,Marketing,,✅ DB_ONLY
/apply/waitlist/[program],,waitlist,,,,,,,Marketing,,⚠️ API_ONLY
/apply/track,,applications/track?${params.toString()}`);

      if (!response.ok) {
        if (response.status === 404) {
          throw new Error(,,,,,,,Marketing,,⚠️ API_ONLY
/apply/inquiry-received,,,,,,,,,Marketing,,⚠️ PARTIAL_DB
/apply/confirmation,page_views,,,,page_views,,,,Marketing,,✅ DB_ONLY
/apply/fssa,,,,,,,,,Marketing,,⚠️ PARTIAL_DB
/apply/fssa/waitlist,,waitlist,,,,,,,Marketing,,⚠️ API_ONLY
/apply/student,,,,,,,,,Marketing,,⚠️ PARTIAL_DB
/platform,,,,,,,,,Marketing,,⚠️ PARTIAL_DB
/platform/architecture,documentation,,,,documentation,,,,Marketing,,✅ DB_ONLY
/platform/overview,pricing_plans,,,,pricing_plans,,,,Marketing,,✅ DB_ONLY
/platform/how-it-works,system_settings,,,,system_settings,,,,Marketing,,✅ DB_ONLY
/platform/workforce-boards,,,,,,,,,Marketing,,⚠️ PARTIAL_DB
/platform/verification,,,,,,,,,Marketing,,⚠️ PARTIAL_DB
/platform/licensing,system_settings,,,,system_settings,,,,Marketing,,✅ DB_ONLY
/platform/licensing/request,,licensing/request,,,,,,,Marketing,,⚠️ API_ONLY
/platform/[slug],,,,,,,,,Marketing,,⚠️ PARTIAL_DB
/platform/student-portal,,,,,,,,,Marketing,,⚠️ PARTIAL_DB
/platform/student-portal/handbook,handbooks,,,,handbooks,,,,Marketing,,✅ DB_ONLY
/platform/managed,system_settings,,,,system_settings,,,,Marketing,,✅ DB_ONLY
/platform/partners,system_settings,,,,system_settings,,,,Marketing,,✅ DB_ONLY
/platform/standards,,,,,,,,,Marketing,,⚠️ PARTIAL_DB
/platform/partner-portal,platform_features,,,,platform_features,,,,Marketing,,✅ DB_ONLY
/platform/employer-portal,,,,,,,,,Marketing,,⚠️ PARTIAL_DB
/platform/sponsors,pricing_plans,,,,pricing_plans,,,,Marketing,,✅ DB_ONLY
/platform/enterprise,system_settings,,,,system_settings,,,,Marketing,,✅ DB_ONLY
/platform/apps,platform_apps,,,,platform_apps,,,,Marketing,,✅ DB_ONLY
/platform/training-providers,,,,,,,,,Marketing,,⚠️ PARTIAL_DB
/platform/program-holders,pricing_plans,,,,pricing_plans,,,,Marketing,,✅ DB_ONLY
/platform/providers,,,,,,,,,Marketing,,⚠️ PARTIAL_DB
/platform/workforce-analytics,workforce_analytics,,,,workforce_analytics,,,,Marketing,,✅ DB_ONLY
/parent-portal,parent_student_links,,,,parent_student_links,,,,Marketing,,✅ DB_ONLY
/parent-portal/dashboard,parent_student_links,profiles,program_enrollments,,,,parent_student_links,profiles,program_enrollments,,,,Marketing,,✅ DB_ONLY
/blog,,,,,,,,,Marketing,,⚠️ PARTIAL_DB
/blog/[slug],blog_posts,,,,blog_posts,,,,Marketing,,✅ DB_ONLY
/blog/blog,blog_posts,,,,blog_posts,,,,Marketing,,✅ DB_ONLY
/blog/blog/[slug],blog_posts,,,,blog_posts,,,,Marketing,,✅ DB_ONLY
/blog/blog/category/[category],blog_posts,,,,blog_posts,,,,Marketing,,✅ DB_ONLY
/blog/blog/author/[author],blog_posts,,,,blog_posts,,,,Marketing,,✅ DB_ONLY
/blog/category/[category],blog_posts,,,,blog_posts,,,,Marketing,,✅ DB_ONLY
/blog/author/[author],blog_posts,,,,blog_posts,,,,Marketing,,✅ DB_ONLY
/compliance,compliance_audits,,,,compliance_audits,,,,Marketing,,✅ DB_ONLY
/compliance/internship-agreement,,,,,,,,,Marketing,,⚠️ PARTIAL_DB
/compliance/ojt-training-plan,,,,,,,,,Marketing,,⚠️ PARTIAL_DB
/compliance/report,compliance_audits,compliance/report,,,compliance_audits,,,,Marketing,,✅ ACTIVE
/compliance/internship-evaluation,,,,,,,,,Marketing,,⚠️ PARTIAL_DB
/compliance/center,,,,,,,,,Marketing,,⚠️ PARTIAL_DB
/compliance/apprenticeship-structure,,,,,,,,,Marketing,,⚠️ PARTIAL_DB
/compliance/workforce-partnership-packet,,,,,,,,,Marketing,,⚠️ PARTIAL_DB
/compliance/credential-partners,,,,,,,,,Marketing,,⚠️ PARTIAL_DB
/compliance/competency-verification,,,,,,,,,Marketing,,⚠️ PARTIAL_DB
/compliance/competency-verification/cosmetology,,,,,,,,,Marketing,,⚠️ PARTIAL_DB
/compliance/competency-verification/cosmetology/monthly-ojt-evaluation,,,,,,,,,Marketing,,⚠️ PARTIAL_DB
/compliance/competency-verification/cosmetology/scoring-sheet,,,,,,,,,Marketing,,⚠️ PARTIAL_DB
/compliance/competency-verification/cosmetology/supervisor-verification,,,,,,,,,Marketing,,⚠️ PARTIAL_DB
/compliance/competency-verification/cosmetology/ojt-hours-log,,,,,,,,,Marketing,,⚠️ PARTIAL_DB
/compliance/competency-verification/cosmetology/final-signoff,,,,,,,,,Marketing,,⚠️ PARTIAL_DB
/compliance/competency-verification/cosmetology/apprenticeship-agreement,,,,,,,,,Marketing,,⚠️ PARTIAL_DB
/compliance/competency-verification/barber,,,,,,,,,Marketing,,⚠️ PARTIAL_DB
/compliance/competency-verification/barber/monthly-ojt-evaluation,,,,,,,,,Marketing,,⚠️ PARTIAL_DB
/compliance/competency-verification/barber/scoring-sheet,,,,,,,,,Marketing,,⚠️ PARTIAL_DB
/compliance/competency-verification/barber/supervisor-verification,,,,,,,,,Marketing,,⚠️ PARTIAL_DB
/compliance/competency-verification/barber/ojt-hours-log,,,,,,,,,Marketing,,⚠️ PARTIAL_DB
/compliance/competency-verification/barber/final-signoff,,,,,,,,,Marketing,,⚠️ PARTIAL_DB
/compliance/competency-verification/barber/apprenticeship-agreement,,,,,,,,,Marketing,,⚠️ PARTIAL_DB
/compliance/wioa,programs,,,,programs,,,,Marketing,,✅ DB_ONLY
/compliance/wioa/initial-eligibility-aggregate-performance,,,,,,,,,Marketing,,⚠️ PARTIAL_DB
/compliance/wioa/programs/[slug],,,,,,,,,Marketing,,⚠️ PARTIAL_DB
/compliance/wioa/programs/[slug]/initial-eligibility-aggregate-performance,,,,,,,,,Marketing,,⚠️ PARTIAL_DB
/compliance/wioa/programs/[slug]/section-188-equal-opportunity-checklist,,,,,,,,,Marketing,,⚠️ PARTIAL_DB
/compliance/wioa/section-188-equal-opportunity-checklist,,,,,,,,,Marketing,,⚠️ PARTIAL_DB
/security-and-data-protection,,,,,,,,,Marketing,,⚠️ PARTIAL_DB
/reels,,,,,,,,,Marketing,,⚠️ PARTIAL_DB
/about,,,,,,,,,Marketing,,⚠️ PARTIAL_DB
/about/mission,,,,,,,,,Marketing,,⚠️ PARTIAL_DB
/about/mission/mission,,,,,,,,,Marketing,,⚠️ PARTIAL_DB
/about/team,,,,,,,,,Marketing,,⚠️ PARTIAL_DB
/about/team/team,,,,,,,,,Marketing,,⚠️ PARTIAL_DB
/about/team/team/sharon-douglass,,,,,,,,,Marketing,,⚠️ PARTIAL_DB
/about/team/team/elizabeth-greene,,,,,,,,,Marketing,,⚠️ PARTIAL_DB
/about/team/team/delores-reynolds,,,,,,,,,Marketing,,⚠️ PARTIAL_DB
/about/team/team/jozanna-george,,,,,,,,,Marketing,,⚠️ PARTIAL_DB
/about/team/team/[slug],,,,,,,,,Marketing,,⚠️ PARTIAL_DB
/about/team/team/leslie-wafford,,,,,,,,,Marketing,,⚠️ PARTIAL_DB
/about/team/team/carlina-wilkes,,,,,,,,,Marketing,,⚠️ PARTIAL_DB
/about/team/team/carl-brown,,,,,,,,,Marketing,,⚠️ PARTIAL_DB
/about/team/team/clystjah-woodley,,,,,,,,,Marketing,,⚠️ PARTIAL_DB
/about/partners,,,,,,,,,Marketing,,⚠️ PARTIAL_DB
/about/partners/partners,partners,,,,partners,,,,Marketing,,✅ DB_ONLY
/esthetician-host-shop,,,,,,,,,Marketing,,⚠️ PARTIAL_DB
/pathways,,,,,,,,,Marketing,,⚠️ PARTIAL_DB
/pathways/outcomes,,,,,,,,,Marketing,,⚠️ PARTIAL_DB
/pathways/pathways,,,,,,,,,Marketing,,⚠️ PARTIAL_DB
/pathways/pathways/outcomes,programs,,,,programs,,,,Marketing,,✅ DB_ONLY
/pathways/pathways/[slug],pathways,,,,pathways,,,,Marketing,,✅ DB_ONLY
/pathways/pathways/training-model,,,,,,,,,Marketing,,⚠️ PARTIAL_DB
/pathways/training-model,,,,,,,,,Marketing,,⚠️ PARTIAL_DB
/workforce-partners,,,,,,,,,Marketing,,⚠️ PARTIAL_DB
/tax/[...path],,,,,,,,,Marketing,,⚠️ PARTIAL_DB
/legal,,,,,,,,,Marketing,,⚠️ PARTIAL_DB
/legal/program-host-agreement,,,,,,,,,Marketing,,⚠️ PARTIAL_DB
/legal/eula,legal_documents,,,,legal_documents,,,,Marketing,,✅ DB_ONLY
/legal/privacy,,,,,,,,,Marketing,,⚠️ PARTIAL_DB
/legal/disclosures,,,,,,,,,Marketing,,⚠️ PARTIAL_DB
/legal/participation-agreement,,,,,,,,,Marketing,,⚠️ PARTIAL_DB
/legal/license-agreement,legal_documents,,,,legal_documents,,,,Marketing,,✅ DB_ONLY
/legal/mou,legal_documents,,,,legal_documents,,,,Marketing,,✅ DB_ONLY
/legal/[slug],,,,,,,,,Marketing,,⚠️ PARTIAL_DB
/legal/governance,legal_documents,,,,legal_documents,,,,Marketing,,✅ DB_ONLY
/legal/governance/security,legal_documents,,,,legal_documents,,,,Marketing,,✅ DB_ONLY
/legal/governance/lms-standards,legal_documents,,,,legal_documents,,,,Marketing,,✅ DB_ONLY
/legal/governance/onboarding-ux,legal_documents,,,,legal_documents,,,,Marketing,,✅ DB_ONLY
/legal/governance/store-payments,legal_documents,,,,legal_documents,,,,Marketing,,✅ DB_ONLY
/legal/governance/compliance,legal_documents,,,,legal_documents,,,,Marketing,,✅ DB_ONLY
/legal/governance/platform-overview,legal_documents,,,,legal_documents,,,,Marketing,,✅ DB_ONLY
/legal/program-license-agreement,,,,,,,,,Marketing,,⚠️ PARTIAL_DB
/legal/marketplace-terms,legal_documents,,,,legal_documents,,,,Marketing,,✅ DB_ONLY
/legal/acceptable-use,legal_documents,,,,legal_documents,,,,Marketing,,✅ DB_ONLY
/legal/data-sharing,,,,,,,,,Marketing,,⚠️ PARTIAL_DB
/legal/enrollment-agreement,,,,,,,,,Marketing,,⚠️ PARTIAL_DB
/legal/employer-agreement,,,,,,,,,Marketing,,⚠️ PARTIAL_DB
/legal/ferpa-consent,,,,,,,,,Marketing,,⚠️ PARTIAL_DB
/legal/student-handbook,,,,,,,,,Marketing,,⚠️ PARTIAL_DB
/legal/partner-mou,,,,,,,,,Marketing,,⚠️ PARTIAL_DB
/legal/creator-agreement,legal_documents,,,,legal_documents,,,,Marketing,,✅ DB_ONLY
/partner,,,,,,,,,Marketing,,⚠️ PARTIAL_DB
/partner/[...path],,,,,,,,,Marketing,,⚠️ PARTIAL_DB
/partner/dashboard,barbershop_partner_applications,partner_users,profiles,,,,barbershop_partner_applications,partner_users,profiles,,,,Marketing,,✅ DB_ONLY
/pricing,curriculum_licenses,programs,store_products,,,,curriculum_licenses,programs,store_products,,,,Marketing,,✅ DB_ONLY
/pricing/sponsor-licensing,,,,,,,,,Marketing,,⚠️ PARTIAL_DB
/partners,,,,,,,,,Marketing,,⚠️ PARTIAL_DB
/partners/create-program,,,,,,,,,Marketing,,⚠️ PARTIAL_DB
/partners/training-sites,,,,,,,,,Marketing,,⚠️ PARTIAL_DB
/partners/jri,,,,,,,,,Marketing,,⚠️ PARTIAL_DB
/partners/barber-host-shop,,,,,,,,,Marketing,,⚠️ PARTIAL_DB
/partners/barber-host-shop/apply,programs,,,,programs,,,,Marketing,,✅ DB_ONLY
/partners/nail-host-shop,,,,,,,,,Marketing,,⚠️ PARTIAL_DB
/partners/esthetician-apprenticeship/apply,,,,,,,,,Marketing,,⚠️ PARTIAL_DB
/partners/nrf,,,,,,,,,Marketing,,⚠️ PARTIAL_DB
/partners/hsi,,,,,,,,,Marketing,,⚠️ PARTIAL_DB
/partners/cosmetology-host-shop,,,,,,,,,Marketing,,⚠️ PARTIAL_DB
/partners/cosmetology-host-shop/apply,,,,,,,,,Marketing,,⚠️ PARTIAL_DB
/partners/join,,,,,,,,,Marketing,,⚠️ PARTIAL_DB
/partners/training-provider,,,,,,,,,Marketing,,⚠️ PARTIAL_DB
/partners/reentry,,,,,,,,,Marketing,,⚠️ PARTIAL_DB
/partners/dashboard,,,,,,,,,Marketing,,⚠️ PARTIAL_DB
/partners/apply,,,,,,,,,Marketing,,⚠️ PARTIAL_DB
/partners/barbershop-apprenticeship,,,,,,,,,Marketing,,⚠️ PARTIAL_DB
/partners/esthetician-host-shop,,,,,,,,,Marketing,,⚠️ PARTIAL_DB
/partners/referral,,,,,,,,,Marketing,,⚠️ PARTIAL_DB
/partners/host-shops,,,,,,,,,Marketing,,⚠️ PARTIAL_DB
/partners/workforce,case_manager_assignments,placement_records,profiles,program_enrollments,programs,,,,case_manager_assignments,placement_records,profiles,program_enrollments,programs,,,,Marketing,,✅ DB_ONLY
/partners/nail-technician-apprenticeship/apply,,,,,,,,,Marketing,,⚠️ PARTIAL_DB
/verify-email,,,,,,,,,Marketing,,⚠️ PARTIAL_DB
/refund-policy,legal_documents,,,,legal_documents,,,,Marketing,,✅ DB_ONLY
/next-steps,,,,,,,,,Marketing,,⚠️ PARTIAL_DB
/transparency,,,,,,,,,Marketing,,⚠️ PARTIAL_DB
/settings,,,,,,,,,Marketing,,⚠️ PARTIAL_DB
/beauty-checkout,,stripe/create-checkout,,,,,,,Marketing,,⚠️ API_ONLY
/tuition-fees,programs,,,,programs,,,,Marketing,,✅ DB_ONLY
/documents,documents,employer_documents,enrollment_documents,,,,documents,employer_documents,enrollment_documents,,,,Marketing,,✅ DB_ONLY
/documents/upload,,,,,,,,,Marketing,,⚠️ PARTIAL_DB
/terms-of-service,,,,,,,,,Marketing,,⚠️ PARTIAL_DB
/instructional-framework,,,,,,,,,Marketing,,⚠️ PARTIAL_DB
/update-password,profiles,,,,profiles,,,,Marketing,,✅ DB_ONLY
/ai-tutor,,,,,,,,,Marketing,,⚠️ PARTIAL_DB
/equal-opportunity,,,,,,,,,Marketing,,⚠️ PARTIAL_DB
/ferpa,applications,profiles,program_enrollments,,,,applications,profiles,program_enrollments,,,,Marketing,,✅ DB_ONLY
/account,profiles,,,,profiles,,,,Marketing,,✅ DB_ONLY
/account/licenses,user_licenses,,,,user_licenses,,,,Marketing,,✅ DB_ONLY
/account/profile,users,,,,users,,,,Marketing,,✅ DB_ONLY
/account/billing,profiles,license/portal,,,profiles,,,,Marketing,,✅ ACTIVE
/account/plan,,,,,,,,,Marketing,,⚠️ PARTIAL_DB
/account/settings,,,,,,,,,Marketing,,⚠️ PARTIAL_DB
/account/settings/security,,,,,,,,,Marketing,,⚠️ PARTIAL_DB
/account/settings/notifications,profiles,,,,profiles,,,,Marketing,,✅ DB_ONLY
/account/addons,saas_addon_catalog,,,,saas_addon_catalog,,,,Marketing,,✅ DB_ONLY
/account/payment-methods,,license/portal,,,,,,,Marketing,,⚠️ API_ONLY
/account/invoices,,license/portal,,,,,,,Marketing,,⚠️ API_ONLY
/writing-center,,,,,,,,,Marketing,,⚠️ PARTIAL_DB
/dmca,,,,,,,,,Marketing,,⚠️ PARTIAL_DB
/founder,,,,,,,,,Marketing,,⚠️ PARTIAL_DB
/industries,,,,,,,,,Marketing,,⚠️ PARTIAL_DB
/reset-password,,,,,,,,,Marketing,,⚠️ PARTIAL_DB
/banking,,,,,,,,,Marketing,,⚠️ PARTIAL_DB
/banking/direct-deposit,,,,,,,,,Marketing,,⚠️ PARTIAL_DB
/banking/prepaid-card,,,,,,,,,Marketing,,⚠️ PARTIAL_DB
/contact,,,,,,,,,Marketing,,⚠️ PARTIAL_DB
/contact/contact,,contact,schedule-consultation,,,,,,,Marketing,,⚠️ API_ONLY
/site-map,,,,,,,,,Marketing,,⚠️ PARTIAL_DB
/site-map/site-map,,,,,,,,,Marketing,,⚠️ PARTIAL_DB
/certificates,,,,,,,,,Marketing,,⚠️ PARTIAL_DB
/certificates/verify/[certificateId],module_certificates,program_completion_certificates,,,,module_certificates,program_completion_certificates,,,,Marketing,,✅ DB_ONLY
/certificates/[certificateId],certificates,,,,certificates,,,,Marketing,,✅ DB_ONLY
/accreditation,,,,,,,,,Marketing,,⚠️ PARTIAL_DB
/accreditation/accreditation,,,,,,,,,Marketing,,⚠️ PARTIAL_DB
/check-eligibility,,,,,,,,,Marketing,,⚠️ PARTIAL_DB
/check-eligibility/check-eligibility,,funnel/lead,funnel/programs,,,,,,,Marketing,,⚠️ API_ONLY
/analytics,profiles,program_completion_certificates,program_enrollments,programs,,,,profiles,program_completion_certificates,program_enrollments,programs,,,,Marketing,,✅ DB_ONLY
/microclasses,,,,,,,,,Marketing,,⚠️ PARTIAL_DB
/wioa-eligibility,,,,,,,,,Marketing,,⚠️ PARTIAL_DB
/wioa-eligibility/veterans,,,,,,,,,Marketing,,⚠️ PARTIAL_DB
/wioa-eligibility/low-income,,,,,,,,,Marketing,,⚠️ PARTIAL_DB
/wioa-eligibility/public-assistance,,,,,,,,,Marketing,,⚠️ PARTIAL_DB
/learning,,,,,,,,,Marketing,,⚠️ PARTIAL_DB
/ai-chat,,,,,,,,,Marketing,,⚠️ PARTIAL_DB
/ai-chat/ai-chat,,,,,,,,,Marketing,,⚠️ PARTIAL_DB
/testing,,,,,,,,,Marketing,,⚠️ PARTIAL_DB
/testing/for-employers,,,,,,,,,Marketing,,⚠️ PARTIAL_DB
/testing/[provider],testing_providers,,,,testing_providers,,,,Marketing,,✅ DB_ONLY
/testing/policies,,,,,,,,,Marketing,,⚠️ PARTIAL_DB
/testing/book,,testing/book,testing/booking-status?session_id=${encodeURIComponent(sessionId)}`);
        const data = await res.json();
        if (data.found) {
          setCalendlyUrl(data.calendlySchedulingUrl ?? null);
          if (data.examName) setPaidExamName(data.examName);
          if (data.confirmationCode) setPaidConfirmationCode(data.confirmationCode);
          setCalendlyLoading(false);
          return;
        }
      } catch {
        /* non-blocking */
      }
      attempts++;
      if (attempts < maxAttempts) {
        setTimeout(poll, 2000);
      } else {
        // Webhook hasn,testing/checkout,testing/enforcement/checkout,testing/enforcement?email=${encodeURIComponent(emailVal)}`, {
          signal: controller.signal,
        });
        const data = await res.json();
        setEnforcementHold(data.hasHold ? data.holds[0] : null);
      } catch (err: any) {
        if (err?.name !== ,testing/leads,testing/slots/public?examType=${encodeURIComponent(selectedProvider.key)}`)
      .then((r) => r.json())
      .then((data) => setSlots(data.slots ?? []))
      .catch(() => setSlots([]))
      .finally(() => setSlotsLoading(false));
  }, [selectedProvider]);

  // Detect return from Stripe — restore form state, fetch single-use Calendly link
  useEffect(() => {
    const sessionId = searchParams.get(,,,,,,,Marketing,,⚠️ API_ONLY
/testing/accommodations,,,,,,,,,Marketing,,⚠️ PARTIAL_DB
/events,,,,,,,,,Marketing,,⚠️ PARTIAL_DB
/compare,,,,,,,,,Marketing,,⚠️ PARTIAL_DB
/workforce/dashboard,case_manager_assignments,placement_records,profiles,program_enrollments,programs,,,,case_manager_assignments,placement_records,profiles,program_enrollments,programs,,,,Marketing,,✅ DB_ONLY
/workforce/participants,profiles,,,,profiles,,,,Marketing,,✅ DB_ONLY
/scholarships,,,,,,,,,Marketing,,⚠️ PARTIAL_DB
/search,,,,,,,,,Marketing,,⚠️ PARTIAL_DB
/accept-invite,,${baseUrl}org/accept-invite?token=${token}`, {
      cache: ,,,,,,,Marketing,,⚠️ API_ONLY
/impact,,,,,,,,,Marketing,,⚠️ PARTIAL_DB
/impact/methodology,,,,,,,,,Marketing,,⚠️ PARTIAL_DB
/course-preview/hvac-technician,,,,,,,,,Marketing,,⚠️ PARTIAL_DB
/onboarding,profiles,,,,profiles,,,,Marketing,,✅ DB_ONLY
/onboarding/instructor,,,,,,,,,Marketing,,⚠️ PARTIAL_DB
/onboarding/instructor/orientation,orientation_completions,profiles,,,,orientation_completions,profiles,,,,Marketing,,✅ DB_ONLY
/onboarding/instructor/agreement,license_agreement_acceptances,profiles,,,,license_agreement_acceptances,profiles,,,,Marketing,,✅ DB_ONLY
/onboarding/learner,applications,apprenticeship_programs,documents,handbook_acknowledgments,license_agreement_acceptances,orientation_completions,profiles,program_enrollments,programs,,,,applications,apprenticeship_programs,documents,handbook_acknowledgments,license_agreement_acceptances,orientation_completions,profiles,program_enrollments,programs,,,,Marketing,,✅ DB_ONLY
/onboarding/learner/schedule,profiles,onboarding/complete-step,,,profiles,,,,Marketing,,✅ ACTIVE
/onboarding/learner/complete,profiles,program_enrollments,,,,profiles,program_enrollments,,,,Marketing,,✅ DB_ONLY
/onboarding/learner/agreements,,compliance/record?type=agreements,onboarding/complete-step,,,,,,,Marketing,,⚠️ API_ONLY
/onboarding/learner/handbook,,compliance/record?type=handbook,onboarding/complete-step,,,,,,,Marketing,,⚠️ API_ONLY
/onboarding/learner/verify-identity,documents,,,,documents,,,,Marketing,,✅ DB_ONLY
/onboarding/learner/funding,profiles,onboarding/complete-step,,,profiles,,,,Marketing,,✅ ACTIVE
/onboarding/learner/orientation,onboarding_progress,orientation_completions,profiles,program_enrollments,,,,onboarding_progress,orientation_completions,profiles,program_enrollments,,,,Marketing,,✅ DB_ONLY
/onboarding/learner/documents,secure_identity,documents/upload,onboarding/complete-step,,,secure_identity,,,,Marketing,,✅ ACTIVE
/onboarding/staff,,,,,,,,,Marketing,,⚠️ PARTIAL_DB
/onboarding/handbook,handbook_acknowledgments,,,,handbook_acknowledgments,,,,Marketing,,✅ DB_ONLY
/onboarding/start,onboarding_documents,onboarding_packets,onboarding_progress,onboarding_signatures,payroll_profiles,profiles,,,,onboarding_documents,onboarding_packets,onboarding_progress,onboarding_signatures,payroll_profiles,profiles,,,,Marketing,,✅ DB_ONLY
/onboarding/payroll-setup,profiles,,,,profiles,,,,Marketing,,✅ DB_ONLY
/onboarding/mou,license_agreement_acceptances,profiles,legal/sign,,,license_agreement_acceptances,profiles,,,,Marketing,,✅ ACTIVE
/onboarding/employer,,,,,,,,,Marketing,,⚠️ PARTIAL_DB
/onboarding/employer/hiring-needs,employer_onboarding,employers,profiles,,,,employer_onboarding,employers,profiles,,,,Marketing,,✅ DB_ONLY
/onboarding/employer/orientation,employer_onboarding_progress,,,,employer_onboarding_progress,,,,Marketing,,✅ DB_ONLY
/onboarding/legal,license_agreement_acceptances,profiles,user_onboarding_status,,,,license_agreement_acceptances,profiles,user_onboarding_status,,,,Marketing,,✅ DB_ONLY
/onboarding/school,documents,handbook_acknowledgments,mou_agreements,profiles,,,,documents,handbook_acknowledgments,mou_agreements,profiles,,,,Marketing,,✅ DB_ONLY
/onboarding/school/orientation,profiles,,,,profiles,,,,Marketing,,✅ DB_ONLY
/tenant-site/[[...slug]],,,,,,,,,Marketing,,⚠️ PARTIAL_DB
/resources,,,,,,,,,Marketing,,⚠️ PARTIAL_DB
/resources/instructor-training,,,,,,,,,Marketing,,⚠️ PARTIAL_DB
/resources/resources,,,,,,,,,Marketing,,⚠️ PARTIAL_DB
/resources/resources/instructor-training,,,,,,,,,Marketing,,⚠️ PARTIAL_DB
/apps,,,,,,,,,Marketing,,⚠️ PARTIAL_DB
/apps/sam-gov,sam_alerts,sam_documents,sam_entities,user_app_subscriptions,,,,sam_alerts,sam_documents,sam_entities,user_app_subscriptions,,,,Marketing,,✅ DB_ONLY
/apps/sam-gov/start-trial,user_app_subscriptions,,,,user_app_subscriptions,,,,Marketing,,✅ DB_ONLY
/apps/grants,grant_applications,grant_opportunities,user_app_subscriptions,user_saved_grants,,,,grant_applications,grant_opportunities,user_app_subscriptions,user_saved_grants,,,,Marketing,,✅ DB_ONLY
/apps/grants/start-trial,user_app_subscriptions,,,,user_app_subscriptions,,,,Marketing,,✅ DB_ONLY
/apps/website-builder,user_app_subscriptions,user_websites,,,,user_app_subscriptions,user_websites,,,,Marketing,,✅ DB_ONLY
/apps/website-builder/edit/[websiteId],user_websites,,,,user_websites,,,,Marketing,,✅ DB_ONLY
/apps/website-builder/start-trial,user_app_subscriptions,,,,user_app_subscriptions,,,,Marketing,,✅ DB_ONLY
/(marketing)/employers,,,,,,,,,Marketing,,⚠️ PARTIAL_DB
/(marketing)/paris-ai,,,,,,,,,Marketing,,⚠️ PARTIAL_DB
/(marketing)/dev-studio,,,,,,,,,Marketing,,⚠️ PARTIAL_DB
/(marketing)/course-factory,,,,,,,,,Marketing,,⚠️ PARTIAL_DB
/(marketing)/students,,,,,,,,,Marketing,,⚠️ PARTIAL_DB
/billing-required,,barber/update-payment,,,,,,,Marketing,,⚠️ API_ONLY
/start-trial,,workspaces/create,,,,,,,Marketing,,⚠️ API_ONLY
/credential,,,,,,,,,Marketing,,⚠️ PARTIAL_DB
/(auth)/invite,,,,,,,,,Marketing,,⚠️ PARTIAL_DB
/(auth)/invite/[token],,org/invite/${params.token}/accept`, {
        method: ,,,,,,,Marketing,,⚠️ API_ONLY
/educatorhub,,,,,,,,,Marketing,,⚠️ PARTIAL_DB
/partner-directory,,,,,,,,,Marketing,,⚠️ PARTIAL_DB
/partner-learning/[enrollmentId],partner_lms_enrollments,,,,partner_lms_enrollments,,,,Marketing,,✅ DB_ONLY
/for-students,,,,,,,,,Marketing,,⚠️ PARTIAL_DB
/for-students/for-students,,,,,,,,,Marketing,,⚠️ PARTIAL_DB
/academic-calendar,,,,,,,,,Marketing,,⚠️ PARTIAL_DB
/community-services-indiana,,,,,,,,,Marketing,,⚠️ PARTIAL_DB
/(public)/p/[slug],,,,,,,,,Marketing,,⚠️ PARTIAL_DB
/verify,,,,,,,,,Marketing,,⚠️ PARTIAL_DB
/verify/verify,,,,,,,,,Marketing,,⚠️ PARTIAL_DB
/verify/verify/[certificateId],certificates,module_certificates,partner_certificates,program_completion_certificates,,,,certificates,module_certificates,partner_certificates,program_completion_certificates,,,,Marketing,,✅ DB_ONLY
/alumni,,,,,,,,,Marketing,,⚠️ PARTIAL_DB
/leaderboard,user_points,${siteUrl}leaderboard?limit=50`, { cache: ,,,user_points,,,,Marketing,,✅ ACTIVE
/satisfactory-academic-progress,,,,,,,,,Marketing,,⚠️ PARTIAL_DB
/host-shop,,,,,,,,,Marketing,,⚠️ PARTIAL_DB
/host-shop/login,partner_users,profiles,,,,partner_users,profiles,,,,Marketing,,✅ DB_ONLY
/host-shop/dashboard,barbershop_partner_applications,partner_users,profiles,,,,barbershop_partner_applications,partner_users,profiles,,,,Marketing,,✅ DB_ONLY
/host-shop/dashboard/attendance,attendance_sessions,partner_attendance,partner_users,profiles,,,,attendance_sessions,partner_attendance,partner_users,profiles,,,,Marketing,,✅ DB_ONLY
/host-shop/dashboard/attendance/record,apprentice_placements,lms_courses,partner_users,profiles,,,,apprentice_placements,lms_courses,partner_users,profiles,,,,Marketing,,✅ DB_ONLY
/host-shop/dashboard/schedule,,,,,,,,,Marketing,,⚠️ PARTIAL_DB
/host-shop/dashboard/subscription,,,,,,,,,Marketing,,⚠️ PARTIAL_DB
/host-shop/dashboard/hours,,,,,,,,,Marketing,,⚠️ PARTIAL_DB
/host-shop/dashboard/hours/pending,,apprenticeship/hours/approve,apprenticeship/hours/reject,partner/hours?status=pending,,,,,,,Marketing,,⚠️ API_ONLY
/host-shop/dashboard/messages,me,them,,,,me,them,,,,Marketing,,✅ DB_ONLY
/host-shop/dashboard/profile,,,,,,,,,Marketing,,⚠️ PARTIAL_DB
/host-shop/dashboard/reports,,,,,,,,,Marketing,,⚠️ PARTIAL_DB
/host-shop/dashboard/competencies,,,,,,,,,Marketing,,⚠️ PARTIAL_DB
/host-shop/dashboard/board,profiles,,,,profiles,,,,Marketing,,✅ DB_ONLY
/host-shop/dashboard/programs,partner_program_access,partner_users,profiles,programs,,,,partner_program_access,partner_users,profiles,programs,,,,Marketing,,✅ DB_ONLY
/host-shop/dashboard/programs/[program],partner_users,profiles,programs,,,,partner_users,profiles,programs,,,,Marketing,,✅ DB_ONLY
/host-shop/dashboard/programs/[program]/edit,,,,,,,,,Marketing,,⚠️ PARTIAL_DB
/host-shop/dashboard/store,,,,,,,,,Marketing,,⚠️ PARTIAL_DB
/host-shop/dashboard/students,,,,,,,,,Marketing,,⚠️ PARTIAL_DB
/host-shop/dashboard/settings,partner_users,partners,profiles,,,,partner_users,partners,profiles,,,,Marketing,,✅ DB_ONLY
/host-shop/dashboard/documents,,,,,,,,,Marketing,,⚠️ PARTIAL_DB
/host-shop/dashboard/apprentices,,,,,,,,,Marketing,,⚠️ PARTIAL_DB
/host-shop/dashboard/apprentices/new,,,,,,,,,Marketing,,⚠️ PARTIAL_DB
/host-shop/apply,,partner/applications,,,,,,,Marketing,,⚠️ API_ONLY
/host-shop/onboarding,,partner/applications,,,,,,,Marketing,,⚠️ API_ONLY
/mobile,,,,,,,,,Marketing,,⚠️ PARTIAL_DB
/consumer-disclosures,,,,,,,,,Marketing,,⚠️ PARTIAL_DB
/webinars,,,,,,,,,Marketing,,⚠️ PARTIAL_DB
/fssa,,,,,,,,,Marketing,,⚠️ PARTIAL_DB
/fssa/tpp-survey,,,,,,,,,Marketing,,⚠️ PARTIAL_DB
/employment-support,,,,,,,,,Marketing,,⚠️ PARTIAL_DB
/reset,,,,,,,,,Marketing,,⚠️ PARTIAL_DB
/reset/done,page_views,,,,page_views,,,,Marketing,,✅ DB_ONLY
/for-agencies,,,,,,,,,Marketing,,⚠️ PARTIAL_DB
/white-label,,,,,,,,,Marketing,,⚠️ PARTIAL_DB
/eligibility,,,,,,,,,Marketing,,⚠️ PARTIAL_DB
/eligibility/quiz,,,,,,,,,Marketing,,⚠️ PARTIAL_DB
/inquiry,,,,,,,,,Marketing,,⚠️ PARTIAL_DB
/schedule-consultation,,,,,,,,,Marketing,,⚠️ PARTIAL_DB
/apprenticeship-sponsor,,,,,,,,,Marketing,,⚠️ PARTIAL_DB
/lms,,,,,,,,,LMS,,⚠️ PARTIAL_DB
/lms/courses,,,,,,,,,LMS,,⚠️ PARTIAL_DB
/lms/(app)/learning-paths,courses,profiles,program_enrollments,student_progress,,,,courses,profiles,program_enrollments,student_progress,,,,LMS,,✅ DB_ONLY
/lms/(app)/collaborate,,,,,,,,,LMS,,⚠️ PARTIAL_DB
/lms/(app)/collaborate/documents,shared_documents,,,,shared_documents,,,,LMS,,✅ DB_ONLY
/lms/(app)/collaborate/meetings,profiles,study_sessions,,,,profiles,study_sessions,,,,LMS,,✅ DB_ONLY
/lms/(app)/attendance,attendance_hours,program_enrollments,,,,attendance_hours,program_enrollments,,,,LMS,,✅ DB_ONLY
/lms/(app)/grades,assignment_submissions,courses,profiles,program_enrollments,quiz_attempts,,,,assignment_submissions,courses,profiles,program_enrollments,quiz_attempts,,,,LMS,,✅ DB_ONLY
/lms/(app)/support,support_tickets,,,,support_tickets,,,,LMS,,✅ DB_ONLY
/lms/(app)/schedule,courses,program_enrollments,,,,courses,program_enrollments,,,,LMS,,✅ DB_ONLY
/lms/(app)/enroll,lms_courses,partner_lms_courses,partner_lms_enrollments,program_enrollments,,,,lms_courses,partner_lms_courses,partner_lms_enrollments,program_enrollments,,,,LMS,,✅ DB_ONLY
/lms/(app)/achievements,certificates,courses,profiles,program_enrollments,quiz_attempts,student_progress,user_badges,,,,certificates,courses,profiles,program_enrollments,quiz_attempts,student_progress,user_badges,,,,LMS,,✅ DB_ONLY
/lms/(app)/placement,profiles,,,,profiles,,,,LMS,,✅ DB_ONLY
/lms/(app)/help,,,,,,,,,LMS,,⚠️ PARTIAL_DB
/lms/(app)/certification,certificates,credential_attempts,lms_courses,program_enrollments,,,,certificates,credential_attempts,lms_courses,program_enrollments,,,,LMS,,✅ DB_ONLY
/lms/(app)/adaptive,,,,,,,,,LMS,,⚠️ PARTIAL_DB
/lms/(app)/calendar,assignments,calendar_events,courses,program_enrollments,,,,assignments,calendar_events,courses,program_enrollments,,,,LMS,,✅ DB_ONLY
/lms/(app)/progress,courses,program_enrollments,student_progress,,,,courses,program_enrollments,student_progress,,,,LMS,,✅ DB_ONLY
/lms/(app)/messages,messages,,,,messages,,,,LMS,,✅ DB_ONLY
/lms/(app)/messages/instructor,messages,,,,messages,,,,LMS,,✅ DB_ONLY
/lms/(app)/messages/career,messages,,,,messages,,,,LMS,,✅ DB_ONLY
/lms/(app)/profile,certificates,profiles,program_enrollments,,,,certificates,profiles,program_enrollments,,,,LMS,,✅ DB_ONLY
/lms/(app)/video,videos,,,,videos,,,,LMS,,✅ DB_ONLY
/lms/(app)/peer-review,,,,,,,,,LMS,,⚠️ PARTIAL_DB
/lms/(app)/files,user_files,,,,user_files,,,,LMS,,✅ DB_ONLY
/lms/(app)/programs,program_enrollments,,,,program_enrollments,,,,LMS,,✅ DB_ONLY
/lms/(app)/enrollment-pending,profiles,program_enrollments,,,,profiles,program_enrollments,,,,LMS,,✅ DB_ONLY
/lms/(app)/notifications,notifications,,,,notifications,,,,LMS,,✅ DB_ONLY
/lms/(app)/badges,badges,forum_posts,program_enrollments,quiz_attempts,user_badges,,,,badges,forum_posts,program_enrollments,quiz_attempts,user_badges,,,,LMS,,✅ DB_ONLY
/lms/(app)/portfolio,certificates,courses,profiles,program_enrollments,,,,certificates,courses,profiles,program_enrollments,,,,LMS,,✅ DB_ONLY
/lms/(app)/assignments,assignment_submissions,assignments,program_enrollments,,,,assignment_submissions,assignments,program_enrollments,,,,LMS,,✅ DB_ONLY
/lms/(app)/orientation,profiles,,,,profiles,,,,LMS,,✅ DB_ONLY
/lms/(app)/dashboard,applications,certificates,course_lessons,external_course_completions,lesson_progress,payment_logs,program_enrollments,program_external_courses,quiz_attempts,,,,applications,certificates,course_lessons,external_course_completions,lesson_progress,payment_logs,program_enrollments,program_external_courses,quiz_attempts,,,,LMS,,✅ DB_ONLY
/lms/(app)/integrations,courses,profiles,program_enrollments,student_progress,,,,courses,profiles,program_enrollments,student_progress,,,,LMS,,✅ DB_ONLY
/lms/(app)/apply,programs,,,,programs,,,,LMS,,✅ DB_ONLY
/lms/(app)/apply/status,applications,,,,applications,,,,LMS,,✅ DB_ONLY
/lms/(app)/library,course_materials,courses,library_resources,program_enrollments,resource_bookmarks,,,,course_materials,courses,library_resources,program_enrollments,resource_bookmarks,,,,LMS,,✅ DB_ONLY
/lms/(app)/chat,messages,profiles,,,,messages,profiles,,,,LMS,,✅ DB_ONLY
/lms/(app)/scorm,scorm_packages,scorm_progress,,,,scorm_packages,scorm_progress,,,,LMS,,✅ DB_ONLY
/lms/(app)/settings,profiles,,,,profiles,,,,LMS,,✅ DB_ONLY
/lms/(app)/settings/profile,profiles,,,,profiles,,,,LMS,,✅ DB_ONLY
/lms/(app)/settings/billing,invoices,payment_methods,profiles,billing/portal,,,invoices,payment_methods,profiles,,,,LMS,,✅ ACTIVE
/lms/(app)/settings/data,,account/delete,account/export,,,,,,,LMS,,⚠️ API_ONLY
/lms/(app)/settings/notifications,profiles,,,,profiles,,,,LMS,,✅ DB_ONLY
/lms/(app)/certificates,certificates,profiles,transcripts,,,,certificates,profiles,transcripts,,,,LMS,,✅ DB_ONLY
/lms/(app)/analytics,assignment_submissions,courses,program_enrollments,quiz_attempts,student_progress,,,,assignment_submissions,courses,program_enrollments,quiz_attempts,student_progress,,,,LMS,,✅ DB_ONLY
/lms/(app)/resources,,,,,,,,,LMS,,⚠️ PARTIAL_DB
/lms/(app)/payments,payment_logs,program_enrollments,,,,payment_logs,program_enrollments,,,,LMS,,✅ DB_ONLY
/lms/(app)/payments/checkout,,credentials/exam-checkout,credentials/funding-decision?attemptId=${attemptId}`);
      const funding = await fundingRes.json();
      if (!fundingRes.ok) throw new Error(funding.error || ,enroll/payment,,,,,,,LMS,,⚠️ API_ONLY
/lms/(app)/leaderboard,,${siteUrl}gamification/leaderboard?limit=50`, {
      cache: ,,,,,,,LMS,,⚠️ API_ONLY
/lms/(app)/quizzes,program_enrollments,quiz_attempts,quizzes,,,,program_enrollments,quiz_attempts,quizzes,,,,LMS,,✅ DB_ONLY
/lms/login,,,,,,,,,LMS,,⚠️ PARTIAL_DB
/lms/ai-tutor,,,,,,,,,LMS,,⚠️ PARTIAL_DB
/license,,,,,,,,,Marketing,,⚠️ PARTIAL_DB
/license/features,,,,,,,,,Marketing,,⚠️ PARTIAL_DB
/license/integrations,,,,,,,,,Marketing,,⚠️ PARTIAL_DB
/license/pricing,faqs,license_tiers,,,,faqs,license_tiers,,,,Marketing,,✅ DB_ONLY